[drift:ownership_ledger] {"classification": "site_stricter", "fn_name": "lang.atomic::_order_code", "ledger_verdict": "must_not_drop", "local": "__match_scrut_tmpt14", "program_point": ["match_arm_0", 2], "raw_state": "live", "site": "match_cleanup", "site_reason": "needs_drop", "site_verdict": "must_drop"}
[drift:ownership_ledger] {"classification": "site_stricter", "fn_name": "lang.atomic::_order_code", "ledger_verdict": "must_not_drop", "local": "__match_scrut_tmpt18", "program_point": ["match_arm_1", 2], "raw_state": "live", "site": "match_cleanup", "site_reason": "needs_drop", "site_verdict": "must_drop"}
[drift:ownership_ledger] {"classification": "site_stricter", "fn_name": "lang.atomic::_order_code", "ledger_verdict": "must_not_drop", "local": "__match_scrut_tmpt22", "program_point": ["match_arm_2", 2], "raw_state": "live", "site": "match_cleanup", "site_reason": "needs_drop", "site_verdict": "must_drop"}
[drift:ownership_ledger] {"classification": "site_stricter", "fn_name": "lang.atomic::_order_code", "ledger_verdict": "must_not_drop", "local": "__match_scrut_tmpt26", "program_point": ["match_arm_3", 2], "raw_state": "live", "site": "match_cleanup", "site_reason": "needs_drop", "site_verdict": "must_drop"}
[drift:ownership_ledger] {"classification": "site_stricter", "fn_name": "lang.atomic::_order_code", "ledger_verdict": "must_not_drop", "local": "__match_scrut_tmpt30", "program_point": ["match_arm_4", 2], "raw_state": "live", "site": "match_cleanup", "site_reason": "needs_drop", "site_verdict": "must_drop"}
[drift:ownership_ledger] {"classification": "site_stricter", "fn_name": "lang.atomic::_order_code", "ledger_verdict": "must_not_drop", "local": "__match_scrut_tmpt34", "program_point": ["match_arm_5", 2], "raw_state": "live", "site": "match_cleanup", "site_reason": "needs_drop", "site_verdict": "must_drop"}
[drift:ownership_ledger] {"classification": "site_stricter", "fn_name": "lang.atomic::_cas_orders_valid", "ledger_verdict": "must_not_drop", "local": "__match_scrut_tmpt8", "program_point": ["match_arm_0", 2], "raw_state": "live", "site": "match_cleanup", "site_reason": "needs_drop", "site_verdict": "must_drop"}
[drift:ownership_ledger] {"classification": "site_stricter", "fn_name": "lang.atomic::_cas_orders_valid", "ledger_verdict": "must_not_drop", "local": "__match_scrut_tmpt12", "program_point": ["match_arm_1", 2], "raw_state": "live", "site": "match_cleanup", "site_reason": "needs_drop", "site_verdict": "must_drop"}
[drift:ownership_ledger] {"classification": "site_stricter", "fn_name": "lang.atomic::_cas_orders_valid", "ledger_verdict": "must_not_drop", "local": "__match_scrut_tmpt16", "program_point": ["match_arm_2", 2], "raw_state": "live", "site": "match_cleanup", "site_reason": "needs_drop", "site_verdict": "must_drop"}
[drift:ownership_ledger] {"classification": "site_stricter", "fn_name": "lang.atomic::_cas_orders_valid", "ledger_verdict": "must_not_drop", "local": "__match_scrut_tmpt31", "program_point": ["match_arm_01", 2], "raw_state": "live", "site": "match_cleanup", "site_reason": "needs_drop", "site_verdict": "must_drop"}
[drift:ownership_ledger] {"classification": "site_stricter", "fn_name": "lang.atomic::_cas_orders_valid", "ledger_verdict": "must_not_drop", "local": "__match_scrut_tmpt38", "program_point": ["match_arm_02", 2], "raw_state": "live", "site": "match_cleanup", "site_reason": "needs_drop", "site_verdict": "must_drop"}
[drift:ownership_ledger] {"classification": "site_stricter", "fn_name": "lang.atomic::_cas_orders_valid", "ledger_verdict": "must_not_drop", "local": "__match_scrut_tmpt42", "program_point": ["match_arm_12", 2], "raw_state": "live", "site": "match_cleanup", "site_reason": "needs_drop", "site_verdict": "must_drop"}
[drift:ownership_ledger] {"classification": "site_stricter", "fn_name": "lang.atomic::_cas_orders_valid", "ledger_verdict": "must_not_drop", "local": "__match_scrut_tmpt46", "program_point": ["match_arm_11", 2], "raw_state": "live", "site": "match_cleanup", "site_reason": "needs_drop", "site_verdict": "must_drop"}
[drift:ownership_ledger] {"classification": "site_stricter", "fn_name": "lang.atomic::_cas_orders_valid", "ledger_verdict": "must_not_drop", "local": "__match_scrut_tmpt55", "program_point": ["match_arm_03", 2], "raw_state": "live", "site": "match_cleanup", "site_reason": "needs_drop", "site_verdict": "must_drop"}
[drift:ownership_ledger] {"classification": "site_stricter", "fn_name": "lang.atomic::_cas_orders_valid", "ledger_verdict": "must_not_drop", "local": "__match_scrut_tmpt59", "program_point": ["match_arm_13", 2], "raw_state": "live", "site": "match_cleanup", "site_reason": "needs_drop", "site_verdict": "must_drop"}
[drift:ownership_ledger] {"classification": "site_stricter", "fn_name": "lang.atomic::_cas_orders_valid", "ledger_verdict": "must_not_drop", "local": "__match_scrut_tmpt63", "program_point": ["match_arm_22", 2], "raw_state": "live", "site": "match_cleanup", "site_reason": "needs_drop", "site_verdict": "must_drop"}
[drift:ownership_ledger] {"classification": "site_stricter", "fn_name": "lang.atomic::_cas_orders_valid", "ledger_verdict": "must_not_drop", "local": "__match_scrut_tmpt67", "program_point": ["match_arm_21", 2], "raw_state": "live", "site": "match_cleanup", "site_reason": "needs_drop", "site_verdict": "must_drop"}
[drift:ownership_ledger] {"classification": "site_stricter", "fn_name": "lang.atomic::_cas_orders_valid", "ledger_verdict": "must_not_drop", "local": "__match_scrut_tmpt74", "program_point": ["match_arm_04", 2], "raw_state": "live", "site": "match_cleanup", "site_reason": "needs_drop", "site_verdict": "must_drop"}
[drift:ownership_ledger] {"classification": "site_stricter", "fn_name": "lang.atomic::_cas_orders_valid", "ledger_verdict": "must_not_drop", "local": "__match_scrut_tmpt78", "program_point": ["match_arm_14", 2], "raw_state": "live", "site": "match_cleanup", "site_reason": "needs_drop", "site_verdict": "must_drop"}
[drift:ownership_ledger] {"classification": "site_stricter", "fn_name": "lang.atomic::_cas_orders_valid", "ledger_verdict": "must_not_drop", "local": "__match_scrut_tmpt82", "program_point": ["match_arm_3", 2], "raw_state": "live", "site": "match_cleanup", "site_reason": "needs_drop", "site_verdict": "must_drop"}
[drift:ownership_ledger] {"classification": "site_stricter", "fn_name": "lang.atomic::_cas_orders_valid", "ledger_verdict": "must_not_drop", "local": "__match_scrut_tmpt91", "program_point": ["match_arm_05", 2], "raw_state": "live", "site": "match_cleanup", "site_reason": "needs_drop", "site_verdict": "must_drop"}
[drift:ownership_ledger] {"classification": "site_stricter", "fn_name": "lang.atomic::_cas_orders_valid", "ledger_verdict": "must_not_drop", "local": "__match_scrut_tmpt95", "program_point": ["match_arm_15", 2], "raw_state": "live", "site": "match_cleanup", "site_reason": "needs_drop", "site_verdict": "must_drop"}
[drift:ownership_ledger] {"classification": "site_stricter", "fn_name": "lang.atomic::_cas_orders_valid", "ledger_verdict": "must_not_drop", "local": "__match_scrut_tmpt99", "program_point": ["match_arm_23", 2], "raw_state": "live", "site": "match_cleanup", "site_reason": "needs_drop", "site_verdict": "must_drop"}
[drift:ownership_ledger] {"classification": "site_stricter", "fn_name": "lang.atomic::_cas_orders_valid", "ledger_verdict": "must_not_drop", "local": "__match_scrut_tmpt103", "program_point": ["match_arm_4", 2], "raw_state": "live", "site": "match_cleanup", "site_reason": "needs_drop", "site_verdict": "must_drop"}
[drift:ownership_ledger] {"classification": "site_stricter", "fn_name": "lang.atomic::_cas_orders_valid", "ledger_verdict": "must_not_drop", "local": "__match_scrut_tmpt114", "program_point": ["match_arm_06", 2], "raw_state": "live", "site": "match_cleanup", "site_reason": "needs_drop", "site_verdict": "must_drop"}
[drift:ownership_ledger] {"classification": "site_stricter", "fn_name": "lang.atomic::_cas_orders_valid", "ledger_verdict": "must_not_drop", "local": "__match_scrut_tmpt118", "program_point": ["match_arm_16", 2], "raw_state": "live", "site": "match_cleanup", "site_reason": "needs_drop", "site_verdict": "must_drop"}
[drift:ownership_ledger] {"classification": "site_stricter", "fn_name": "lang.atomic::_cas_orders_valid", "ledger_verdict": "must_not_drop", "local": "__match_scrut_tmpt122", "program_point": ["match_arm_24", 2], "raw_state": "live", "site": "match_cleanup", "site_reason": "needs_drop", "site_verdict": "must_drop"}
[drift:ownership_ledger] {"classification": "site_stricter", "fn_name": "lang.atomic::_cas_orders_valid", "ledger_verdict": "must_not_drop", "local": "__match_scrut_tmpt126", "program_point": ["match_arm_31", 2], "raw_state": "live", "site": "match_cleanup", "site_reason": "needs_drop", "site_verdict": "must_drop"}
[drift:ownership_ledger] {"classification": "site_stricter", "fn_name": "lang.atomic::_cas_orders_valid", "ledger_verdict": "must_not_drop", "local": "__match_scrut_tmpt130", "program_point": ["match_arm_5", 2], "raw_state": "live", "site": "match_cleanup", "site_reason": "needs_drop", "site_verdict": "must_drop"}
[drift:ownership_ledger] {"classification": "ledger_stricter", "fn_name": "check", "ledger_verdict": "must_drop", "local": "__match_scrut_tmpt9", "program_point": ["match_arm_0", 9], "raw_state": "live", "site": "match_cleanup", "site_reason": "field_moved", "site_verdict": "must_not_drop"}
[drift:ownership_ledger] {"classification": "agree", "fn_name": "check", "ledger_verdict": "must_drop", "local": "__match_binder_1_re", "program_point": ["if_then", 1], "raw_state": "live", "site": "scope_drop", "site_reason": "needs_drop", "site_verdict": "must_drop"}
[drift:ownership_ledger] {"classification": "agree", "fn_name": "check", "ledger_verdict": "must_drop", "local": "__match_binder_1_re", "program_point": ["if_join", 1], "raw_state": "live", "site": "scope_drop", "site_reason": "needs_drop", "site_verdict": "must_drop"}
[drift:ownership_ledger] {"classification": "ledger_stricter", "fn_name": "check", "ledger_verdict": "must_drop", "local": "__match_scrut_tmpt27", "program_point": ["match_arm_1", 9], "raw_state": "live", "site": "match_cleanup", "site_reason": "field_moved", "site_verdict": "must_not_drop"}
[drift:ownership_ledger] {"classification": "agree", "fn_name": "check", "ledger_verdict": "must_drop", "local": "__match_binder_2__", "program_point": ["match_arm_1", 12], "raw_state": "live", "site": "scope_drop", "site_reason": "needs_drop", "site_verdict": "must_drop"}
[drift:ownership_ledger] {"classification": "ledger_stricter", "fn_name": "check_match", "ledger_verdict": "must_drop", "local": "__match_scrut_tmpt9", "program_point": ["match_arm_0", 9], "raw_state": "live", "site": "match_cleanup", "site_reason": "field_moved", "site_verdict": "must_not_drop"}
[drift:ownership_ledger] {"classification": "site_stricter", "fn_name": "check_match", "ledger_verdict": "must_not_drop", "local": "__match_scrut_tmpt25", "program_point": ["match_arm_01", 8], "raw_state": "live", "site": "match_cleanup", "site_reason": "needs_drop", "site_verdict": "must_drop"}
[drift:ownership_ledger] {"classification": "agree", "fn_name": "check_match", "ledger_verdict": "must_drop", "local": "__match_binder_3_re", "program_point": ["if_then", 1], "raw_state": "live", "site": "scope_drop", "site_reason": "needs_drop", "site_verdict": "must_drop"}
[drift:ownership_ledger] {"classification": "agree", "fn_name": "check_match", "ledger_verdict": "must_drop", "local": "__match_binder_3_re", "program_point": ["if_then1", 3], "raw_state": "live", "site": "scope_drop", "site_reason": "needs_drop", "site_verdict": "must_drop"}
[drift:ownership_ledger] {"classification": "agree", "fn_name": "check_match", "ledger_verdict": "must_drop", "local": "__match_binder_3_re", "program_point": ["if_join1", 1], "raw_state": "live", "site": "scope_drop", "site_reason": "needs_drop", "site_verdict": "must_drop"}
[drift:ownership_ledger] {"classification": "site_stricter", "fn_name": "check_match", "ledger_verdict": "must_not_drop", "local": "__match_scrut_tmpt49", "program_point": ["match_arm_11", 4], "raw_state": "live", "site": "match_cleanup", "site_reason": "needs_drop", "site_verdict": "must_drop"}
[drift:ownership_ledger] {"classification": "agree", "fn_name": "check_match", "ledger_verdict": "must_drop", "local": "__match_binder_3_re", "program_point": ["match_arm_11", 9], "raw_state": "live", "site": "scope_drop", "site_reason": "needs_drop", "site_verdict": "must_drop"}
[drift:ownership_ledger] {"classification": "ledger_stricter", "fn_name": "check_match", "ledger_verdict": "must_drop", "local": "__match_scrut_tmpt58", "program_point": ["match_arm_1", 9], "raw_state": "live", "site": "match_cleanup", "site_reason": "field_moved", "site_verdict": "must_not_drop"}
[drift:ownership_ledger] {"classification": "agree", "fn_name": "check_match", "ledger_verdict": "must_drop", "local": "__match_binder_5__", "program_point": ["match_arm_1", 12], "raw_state": "live", "site": "scope_drop", "site_reason": "needs_drop", "site_verdict": "must_drop"}
[drift:ownership_ledger] {"classification": "agree", "fn_name": "std.cli::parser", "ledger_verdict": "must_not_drop", "local": "pos_multiple", "program_point": ["entry", 75], "raw_state": "moved_out", "site": "scope_drop", "site_reason": "moved", "site_verdict": "must_not_drop"}
[drift:ownership_ledger] {"classification": "agree", "fn_name": "std.cli::parser", "ledger_verdict": "must_not_drop", "local": "pos_required", "program_point": ["entry", 75], "raw_state": "moved_out", "site": "scope_drop", "site_reason": "moved", "site_verdict": "must_not_drop"}
[drift:ownership_ledger] {"classification": "agree", "fn_name": "std.cli::parser", "ledger_verdict": "must_not_drop", "local": "pos_helps", "program_point": ["entry", 75], "raw_state": "moved_out", "site": "scope_drop", "site_reason": "moved", "site_verdict": "must_not_drop"}
[drift:ownership_ledger] {"classification": "agree", "fn_name": "std.cli::parser", "ledger_verdict": "must_not_drop", "local": "pos_names", "program_point": ["entry", 75], "raw_state": "moved_out", "site": "scope_drop", "site_reason": "moved", "site_verdict": "must_not_drop"}
[drift:ownership_ledger] {"classification": "agree", "fn_name": "std.cli::parser", "ledger_verdict": "must_not_drop", "local": "option_kinds", "program_point": ["entry", 75], "raw_state": "moved_out", "site": "scope_drop", "site_reason": "moved", "site_verdict": "must_not_drop"}
[drift:ownership_ledger] {"classification": "agree", "fn_name": "std.cli::parser", "ledger_verdict": "must_not_drop", "local": "option_required", "program_point": ["entry", 75], "raw_state": "moved_out", "site": "scope_drop", "site_reason": "moved", "site_verdict": "must_not_drop"}
[drift:ownership_ledger] {"classification": "agree", "fn_name": "std.cli::parser", "ledger_verdict": "must_not_drop", "local": "option_helps", "program_point": ["entry", 75], "raw_state": "moved_out", "site": "scope_drop", "site_reason": "moved", "site_verdict": "must_not_drop"}
[drift:ownership_ledger] {"classification": "agree", "fn_name": "std.cli::parser", "ledger_verdict": "must_not_drop", "local": "option_value_names", "program_point": ["entry", 75], "raw_state": "moved_out", "site": "scope_drop", "site_reason": "moved", "site_verdict": "must_not_drop"}
[drift:ownership_ledger] {"classification": "agree", "fn_name": "std.cli::parser", "ledger_verdict": "must_not_drop", "local": "option_shorts", "program_point": ["entry", 75], "raw_state": "moved_out", "site": "scope_drop", "site_reason": "moved", "site_verdict": "must_not_drop"}
[drift:ownership_ledger] {"classification": "agree", "fn_name": "std.cli::parser", "ledger_verdict": "must_not_drop", "local": "option_longs", "program_point": ["entry", 75], "raw_state": "moved_out", "site": "scope_drop", "site_reason": "moved", "site_verdict": "must_not_drop"}
[drift:ownership_ledger] {"classification": "agree", "fn_name": "std.cli::_slice_string", "ledger_verdict": "must_drop", "local": "__match_scrut_tmpt67", "program_point": ["match_arm_0", 8], "raw_state": "live", "site": "match_cleanup", "site_reason": "needs_drop", "site_verdict": "must_drop"}
[drift:ownership_ledger] {"classification": "agree", "fn_name": "std.cli::_slice_string", "ledger_verdict": "must_drop", "local": "out", "program_point": ["match_arm_0", 11], "raw_state": "live", "site": "scope_drop", "site_reason": "needs_drop", "site_verdict": "must_drop"}
[drift:ownership_ledger] {"classification": "ledger_stricter", "fn_name": "std.cli::_slice_string", "ledger_verdict": "must_drop", "local": "__match_scrut_tmpt77", "program_point": ["match_arm_1", 9], "raw_state": "live", "site": "match_cleanup", "site_reason": "field_moved", "site_verdict": "must_not_drop"}
[drift:ownership_ledger] {"classification": "agree", "fn_name": "std.cli::_slice_string", "ledger_verdict": "must_drop", "local": "__match_binder_2__", "program_point": ["match_arm_1", 10], "raw_state": "live", "site": "scope_drop", "site_reason": "needs_drop", "site_verdict": "must_drop"}
[drift:ownership_ledger] {"classification": "agree", "fn_name": "std.cli::_slice_string", "ledger_verdict": "must_drop", "local": "out", "program_point": ["match_arm_1", 12], "raw_state": "live", "site": "scope_drop", "site_reason": "needs_drop", "site_verdict": "must_drop"}
[drift:ownership_ledger] {"classification": "ledger_stricter", "fn_name": "std.cli::ArgParser::parse", "ledger_verdict": "must_drop", "local": "__match_scrut_tmpt9", "program_point": ["match_arm_0", 9], "raw_state": "live", "site": "match_cleanup", "site_reason": "field_moved", "site_verdict": "must_not_drop"}
[drift:ownership_ledger] {"classification": "agree", "fn_name": "std.cli::ArgParser::parse", "ledger_verdict": "must_not_drop", "local": "__match_binder_3_e", "program_point": ["match_arm_0", 11], "raw_state": "moved_out", "site": "scope_drop", "site_reason": "moved", "site_verdict": "must_not_drop"}
[drift:ownership_ledger] {"classification": "agree", "fn_name": "std.cli::ArgParser::parse", "ledger_verdict": "must_drop", "local": "__match_scrut_tmpt19", "program_point": ["match_arm_1", 4], "raw_state": "live", "site": "match_cleanup", "site_reason": "needs_drop", "site_verdict": "must_drop"}
[drift:ownership_ledger] {"classification": "agree", "fn_name": "std.cli::ArgParser::parse", "ledger_verdict": "must_drop", "local": "positionals", "program_point": ["if_then2", 5], "raw_state": "live", "site": "scope_drop", "site_reason": "needs_drop", "site_verdict": "must_drop"}
[drift:ownership_ledger] {"classification": "agree", "fn_name": "std.cli::ArgParser::parse", "ledger_verdict": "must_drop", "local": "option_values", "program_point": ["if_then2", 7], "raw_state": "live", "site": "scope_drop", "site_reason": "needs_drop", "site_verdict": "must_drop"}
[drift:ownership_ledger] {"classification": "agree", "fn_name": "std.cli::ArgParser::parse", "ledger_verdict": "must_drop", "local": "option_value_indices", "program_point": ["if_then2", 9], "raw_state": "live", "site": "scope_drop", "site_reason": "needs_drop", "site_verdict": "must_drop"}
[drift:ownership_ledger] {"classification": "agree", "fn_name": "std.cli::ArgParser::parse", "ledger_verdict": "must_drop", "local": "flag_option_indices", "program_point": ["if_then2", 11], "raw_state": "live", "site": "scope_drop", "site_reason": "needs_drop", "site_verdict": "must_drop"}
[drift:ownership_ledger] {"classification": "agree", "fn_name": "std.cli::ArgParser::parse", "ledger_verdict": "must_drop", "local": "positionals", "program_point": ["if_then3", 5], "raw_state": "live", "site": "scope_drop", "site_reason": "needs_drop", "site_verdict": "must_drop"}
[drift:ownership_ledger] {"classification": "agree", "fn_name": "std.cli::ArgParser::parse", "ledger_verdict": "must_drop", "local": "option_values", "program_point": ["if_then3", 7], "raw_state": "live", "site": "scope_drop", "site_reason": "needs_drop", "site_verdict": "must_drop"}
[drift:ownership_ledger] {"classification": "agree", "fn_name": "std.cli::ArgParser::parse", "ledger_verdict": "must_drop", "local": "option_value_indices", "program_point": ["if_then3", 9], "raw_state": "live", "site": "scope_drop", "site_reason": "needs_drop", "site_verdict": "must_drop"}
[drift:ownership_ledger] {"classification": "agree", "fn_name": "std.cli::ArgParser::parse", "ledger_verdict": "must_drop", "local": "flag_option_indices", "program_point": ["if_then3", 11], "raw_state": "live", "site": "scope_drop", "site_reason": "needs_drop", "site_verdict": "must_drop"}
[drift:ownership_ledger] {"classification": "agree", "fn_name": "std.cli::ArgParser::parse", "ledger_verdict": "must_drop", "local": "positionals", "program_point": ["if_then4", 5], "raw_state": "live", "site": "scope_drop", "site_reason": "needs_drop", "site_verdict": "must_drop"}
[drift:ownership_ledger] {"classification": "agree", "fn_name": "std.cli::ArgParser::parse", "ledger_verdict": "must_drop", "local": "option_values", "program_point": ["if_then4", 7], "raw_state": "live", "site": "scope_drop", "site_reason": "needs_drop", "site_verdict": "must_drop"}
[drift:ownership_ledger] {"classification": "agree", "fn_name": "std.cli::ArgParser::parse", "ledger_verdict": "must_drop", "local": "option_value_indices", "program_point": ["if_then4", 9], "raw_state": "live", "site": "scope_drop", "site_reason": "needs_drop", "site_verdict": "must_drop"}
[drift:ownership_ledger] {"classification": "agree", "fn_name": "std.cli::ArgParser::parse", "ledger_verdict": "must_drop", "local": "flag_option_indices", "program_point": ["if_then4", 11], "raw_state": "live", "site": "scope_drop", "site_reason": "needs_drop", "site_verdict": "must_drop"}
[drift:ownership_ledger] {"classification": "agree", "fn_name": "std.cli::ArgParser::parse", "ledger_verdict": "must_drop", "local": "positionals", "program_point": ["if_then5", 5], "raw_state": "live", "site": "scope_drop", "site_reason": "needs_drop", "site_verdict": "must_drop"}
[drift:ownership_ledger] {"classification": "agree", "fn_name": "std.cli::ArgParser::parse", "ledger_verdict": "must_drop", "local": "option_values", "program_point": ["if_then5", 7], "raw_state": "live", "site": "scope_drop", "site_reason": "needs_drop", "site_verdict": "must_drop"}
[drift:ownership_ledger] {"classification": "agree", "fn_name": "std.cli::ArgParser::parse", "ledger_verdict": "must_drop", "local": "option_value_indices", "program_point": ["if_then5", 9], "raw_state": "live", "site": "scope_drop", "site_reason": "needs_drop", "site_verdict": "must_drop"}
[drift:ownership_ledger] {"classification": "agree", "fn_name": "std.cli::ArgParser::parse", "ledger_verdict": "must_drop", "local": "flag_option_indices", "program_point": ["if_then5", 11], "raw_state": "live", "site": "scope_drop", "site_reason": "needs_drop", "site_verdict": "must_drop"}
[drift:ownership_ledger] {"classification": "agree", "fn_name": "std.cli::ArgParser::parse", "ledger_verdict": "must_drop", "local": "positionals", "program_point": ["if_then8", 5], "raw_state": "live", "site": "scope_drop", "site_reason": "needs_drop", "site_verdict": "must_drop"}
[drift:ownership_ledger] {"classification": "agree", "fn_name": "std.cli::ArgParser::parse", "ledger_verdict": "must_drop", "local": "option_values", "program_point": ["if_then8", 7], "raw_state": "live", "site": "scope_drop", "site_reason": "needs_drop", "site_verdict": "must_drop"}
[drift:ownership_ledger] {"classification": "agree", "fn_name": "std.cli::ArgParser::parse", "ledger_verdict": "must_drop", "local": "option_value_indices", "program_point": ["if_then8", 9], "raw_state": "live", "site": "scope_drop", "site_reason": "needs_drop", "site_verdict": "must_drop"}
[drift:ownership_ledger] {"classification": "agree", "fn_name": "std.cli::ArgParser::parse", "ledger_verdict": "must_drop", "local": "flag_option_indices", "program_point": ["if_then8", 11], "raw_state": "live", "site": "scope_drop", "site_reason": "needs_drop", "site_verdict": "must_drop"}
[drift:ownership_ledger] {"classification": "agree", "fn_name": "std.cli::ArgParser::parse", "ledger_verdict": "must_drop", "local": "positionals", "program_point": ["if_then10", 5], "raw_state": "live", "site": "scope_drop", "site_reason": "needs_drop", "site_verdict": "must_drop"}
[drift:ownership_ledger] {"classification": "agree", "fn_name": "std.cli::ArgParser::parse", "ledger_verdict": "must_drop", "local": "option_values", "program_point": ["if_then10", 7], "raw_state": "live", "site": "scope_drop", "site_reason": "needs_drop", "site_verdict": "must_drop"}
[drift:ownership_ledger] {"classification": "agree", "fn_name": "std.cli::ArgParser::parse", "ledger_verdict": "must_drop", "local": "option_value_indices", "program_point": ["if_then10", 9], "raw_state": "live", "site": "scope_drop", "site_reason": "needs_drop", "site_verdict": "must_drop"}
[drift:ownership_ledger] {"classification": "agree", "fn_name": "std.cli::ArgParser::parse", "ledger_verdict": "must_drop", "local": "flag_option_indices", "program_point": ["if_then10", 11], "raw_state": "live", "site": "scope_drop", "site_reason": "needs_drop", "site_verdict": "must_drop"}
[drift:ownership_ledger] {"classification": "agree", "fn_name": "std.cli::ArgParser::parse", "ledger_verdict": "must_drop", "local": "positionals", "program_point": ["if_then11", 5], "raw_state": "live", "site": "scope_drop", "site_reason": "needs_drop", "site_verdict": "must_drop"}
[drift:ownership_ledger] {"classification": "agree", "fn_name": "std.cli::ArgParser::parse", "ledger_verdict": "must_drop", "local": "option_values", "program_point": ["if_then11", 7], "raw_state": "live", "site": "scope_drop", "site_reason": "needs_drop", "site_verdict": "must_drop"}
[drift:ownership_ledger] {"classification": "agree", "fn_name": "std.cli::ArgParser::parse", "ledger_verdict": "must_drop", "local": "option_value_indices", "program_point": ["if_then11", 9], "raw_state": "live", "site": "scope_drop", "site_reason": "needs_drop", "site_verdict": "must_drop"}
[drift:ownership_ledger] {"classification": "agree", "fn_name": "std.cli::ArgParser::parse", "ledger_verdict": "must_drop", "local": "flag_option_indices", "program_point": ["if_then11", 11], "raw_state": "live", "site": "scope_drop", "site_reason": "needs_drop", "site_verdict": "must_drop"}
[drift:ownership_ledger] {"classification": "agree", "fn_name": "std.cli::ArgParser::parse", "ledger_verdict": "must_drop", "local": "positionals", "program_point": ["if_then13", 5], "raw_state": "live", "site": "scope_drop", "site_reason": "needs_drop", "site_verdict": "must_drop"}
[drift:ownership_ledger] {"classification": "agree", "fn_name": "std.cli::ArgParser::parse", "ledger_verdict": "must_drop", "local": "option_values", "program_point": ["if_then13", 7], "raw_state": "live", "site": "scope_drop", "site_reason": "needs_drop", "site_verdict": "must_drop"}
[drift:ownership_ledger] {"classification": "agree", "fn_name": "std.cli::ArgParser::parse", "ledger_verdict": "must_drop", "local": "option_value_indices", "program_point": ["if_then13", 9], "raw_state": "live", "site": "scope_drop", "site_reason": "needs_drop", "site_verdict": "must_drop"}
[drift:ownership_ledger] {"classification": "agree", "fn_name": "std.cli::ArgParser::parse", "ledger_verdict": "must_drop", "local": "flag_option_indices", "program_point": ["if_then13", 11], "raw_state": "live", "site": "scope_drop", "site_reason": "needs_drop", "site_verdict": "must_drop"}
[drift:ownership_ledger] {"classification": "agree", "fn_name": "std.cli::ArgParser::parse", "ledger_verdict": "must_drop", "local": "positionals", "program_point": ["if_then14", 5], "raw_state": "live", "site": "scope_drop", "site_reason": "needs_drop", "site_verdict": "must_drop"}
[drift:ownership_ledger] {"classification": "agree", "fn_name": "std.cli::ArgParser::parse", "ledger_verdict": "must_drop", "local": "option_values", "program_point": ["if_then14", 7], "raw_state": "live", "site": "scope_drop", "site_reason": "needs_drop", "site_verdict": "must_drop"}
[drift:ownership_ledger] {"classification": "agree", "fn_name": "std.cli::ArgParser::parse", "ledger_verdict": "must_drop", "local": "option_value_indices", "program_point": ["if_then14", 9], "raw_state": "live", "site": "scope_drop", "site_reason": "needs_drop", "site_verdict": "must_drop"}
[drift:ownership_ledger] {"classification": "agree", "fn_name": "std.cli::ArgParser::parse", "ledger_verdict": "must_drop", "local": "flag_option_indices", "program_point": ["if_then14", 11], "raw_state": "live", "site": "scope_drop", "site_reason": "needs_drop", "site_verdict": "must_drop"}
[drift:ownership_ledger] {"classification": "agree", "fn_name": "std.cli::ArgParser::parse", "ledger_verdict": "must_drop", "local": "__match_scrut_tmpt354", "program_point": ["match_arm_01", 8], "raw_state": "live", "site": "match_cleanup", "site_reason": "needs_drop", "site_verdict": "must_drop"}
[drift:ownership_ledger] {"classification": "ledger_stricter", "fn_name": "std.cli::ArgParser::parse", "ledger_verdict": "must_drop", "local": "__match_scrut_tmpt362", "program_point": ["match_arm_11", 9], "raw_state": "live", "site": "match_cleanup", "site_reason": "field_moved", "site_verdict": "must_not_drop"}
[drift:ownership_ledger] {"classification": "agree", "fn_name": "std.cli::ArgParser::parse", "ledger_verdict": "must_drop", "local": "__match_binder_5__", "program_point": ["match_arm_11", 14], "raw_state": "live", "site": "scope_drop", "site_reason": "needs_drop", "site_verdict": "must_drop"}
[drift:ownership_ledger] {"classification": "agree", "fn_name": "std.cli::ArgParser::parse", "ledger_verdict": "must_drop", "local": "positionals", "program_point": ["match_arm_11", 16], "raw_state": "live", "site": "scope_drop", "site_reason": "needs_drop", "site_verdict": "must_drop"}
[drift:ownership_ledger] {"classification": "agree", "fn_name": "std.cli::ArgParser::parse", "ledger_verdict": "must_drop", "local": "option_values", "program_point": ["match_arm_11", 18], "raw_state": "live", "site": "scope_drop", "site_reason": "needs_drop", "site_verdict": "must_drop"}
[drift:ownership_ledger] {"classification": "agree", "fn_name": "std.cli::ArgParser::parse", "ledger_verdict": "must_drop", "local": "option_value_indices", "program_point": ["match_arm_11", 20], "raw_state": "live", "site": "scope_drop", "site_reason": "needs_drop", "site_verdict": "must_drop"}
[drift:ownership_ledger] {"classification": "agree", "fn_name": "std.cli::ArgParser::parse", "ledger_verdict": "must_drop", "local": "flag_option_indices", "program_point": ["match_arm_11", 22], "raw_state": "live", "site": "scope_drop", "site_reason": "needs_drop", "site_verdict": "must_drop"}
[drift:ownership_ledger] {"classification": "agree", "fn_name": "std.cli::ArgParser::parse", "ledger_verdict": "must_drop", "local": "positionals", "program_point": ["if_then17", 5], "raw_state": "live", "site": "scope_drop", "site_reason": "needs_drop", "site_verdict": "must_drop"}
[drift:ownership_ledger] {"classification": "agree", "fn_name": "std.cli::ArgParser::parse", "ledger_verdict": "must_drop", "local": "option_values", "program_point": ["if_then17", 7], "raw_state": "live", "site": "scope_drop", "site_reason": "needs_drop", "site_verdict": "must_drop"}
[drift:ownership_ledger] {"classification": "agree", "fn_name": "std.cli::ArgParser::parse", "ledger_verdict": "must_drop", "local": "option_value_indices", "program_point": ["if_then17", 9], "raw_state": "live", "site": "scope_drop", "site_reason": "needs_drop", "site_verdict": "must_drop"}
[drift:ownership_ledger] {"classification": "agree", "fn_name": "std.cli::ArgParser::parse", "ledger_verdict": "must_drop", "local": "flag_option_indices", "program_point": ["if_then17", 11], "raw_state": "live", "site": "scope_drop", "site_reason": "needs_drop", "site_verdict": "must_drop"}
[drift:ownership_ledger] {"classification": "agree", "fn_name": "std.cli::ArgParser::parse", "ledger_verdict": "must_drop", "local": "positionals", "program_point": ["if_then18", 5], "raw_state": "live", "site": "scope_drop", "site_reason": "needs_drop", "site_verdict": "must_drop"}
[drift:ownership_ledger] {"classification": "agree", "fn_name": "std.cli::ArgParser::parse", "ledger_verdict": "must_drop", "local": "option_values", "program_point": ["if_then18", 7], "raw_state": "live", "site": "scope_drop", "site_reason": "needs_drop", "site_verdict": "must_drop"}
[drift:ownership_ledger] {"classification": "agree", "fn_name": "std.cli::ArgParser::parse", "ledger_verdict": "must_drop", "local": "option_value_indices", "program_point": ["if_then18", 9], "raw_state": "live", "site": "scope_drop", "site_reason": "needs_drop", "site_verdict": "must_drop"}
[drift:ownership_ledger] {"classification": "agree", "fn_name": "std.cli::ArgParser::parse", "ledger_verdict": "must_drop", "local": "flag_option_indices", "program_point": ["if_then18", 11], "raw_state": "live", "site": "scope_drop", "site_reason": "needs_drop", "site_verdict": "must_drop"}
[drift:ownership_ledger] {"classification": "agree", "fn_name": "std.cli::ArgParser::parse", "ledger_verdict": "must_drop", "local": "positionals", "program_point": ["if_then20", 5], "raw_state": "live", "site": "scope_drop", "site_reason": "needs_drop", "site_verdict": "must_drop"}
[drift:ownership_ledger] {"classification": "agree", "fn_name": "std.cli::ArgParser::parse", "ledger_verdict": "must_drop", "local": "option_values", "program_point": ["if_then20", 7], "raw_state": "live", "site": "scope_drop", "site_reason": "needs_drop", "site_verdict": "must_drop"}
[drift:ownership_ledger] {"classification": "agree", "fn_name": "std.cli::ArgParser::parse", "ledger_verdict": "must_drop", "local": "option_value_indices", "program_point": ["if_then20", 9], "raw_state": "live", "site": "scope_drop", "site_reason": "needs_drop", "site_verdict": "must_drop"}
[drift:ownership_ledger] {"classification": "agree", "fn_name": "std.cli::ArgParser::parse", "ledger_verdict": "must_drop", "local": "flag_option_indices", "program_point": ["if_then20", 11], "raw_state": "live", "site": "scope_drop", "site_reason": "needs_drop", "site_verdict": "must_drop"}
[drift:ownership_ledger] {"classification": "agree", "fn_name": "std.cli::ArgParser::parse", "ledger_verdict": "must_drop", "local": "positionals", "program_point": ["if_then21", 5], "raw_state": "live", "site": "scope_drop", "site_reason": "needs_drop", "site_verdict": "must_drop"}
[drift:ownership_ledger] {"classification": "agree", "fn_name": "std.cli::ArgParser::parse", "ledger_verdict": "must_drop", "local": "option_values", "program_point": ["if_then21", 7], "raw_state": "live", "site": "scope_drop", "site_reason": "needs_drop", "site_verdict": "must_drop"}
[drift:ownership_ledger] {"classification": "agree", "fn_name": "std.cli::ArgParser::parse", "ledger_verdict": "must_drop", "local": "option_value_indices", "program_point": ["if_then21", 9], "raw_state": "live", "site": "scope_drop", "site_reason": "needs_drop", "site_verdict": "must_drop"}
[drift:ownership_ledger] {"classification": "agree", "fn_name": "std.cli::ArgParser::parse", "ledger_verdict": "must_drop", "local": "flag_option_indices", "program_point": ["if_then21", 11], "raw_state": "live", "site": "scope_drop", "site_reason": "needs_drop", "site_verdict": "must_drop"}
[drift:ownership_ledger] {"classification": "agree", "fn_name": "std.cli::ArgParser::parse", "ledger_verdict": "must_drop", "local": "positionals", "program_point": ["if_then22", 5], "raw_state": "live", "site": "scope_drop", "site_reason": "needs_drop", "site_verdict": "must_drop"}
[drift:ownership_ledger] {"classification": "agree", "fn_name": "std.cli::ArgParser::parse", "ledger_verdict": "must_drop", "local": "option_values", "program_point": ["if_then22", 7], "raw_state": "live", "site": "scope_drop", "site_reason": "needs_drop", "site_verdict": "must_drop"}
[drift:ownership_ledger] {"classification": "agree", "fn_name": "std.cli::ArgParser::parse", "ledger_verdict": "must_drop", "local": "option_value_indices", "program_point": ["if_then22", 9], "raw_state": "live", "site": "scope_drop", "site_reason": "needs_drop", "site_verdict": "must_drop"}
[drift:ownership_ledger] {"classification": "agree", "fn_name": "std.cli::ArgParser::parse", "ledger_verdict": "must_drop", "local": "flag_option_indices", "program_point": ["if_then22", 11], "raw_state": "live", "site": "scope_drop", "site_reason": "needs_drop", "site_verdict": "must_drop"}
[drift:ownership_ledger] {"classification": "agree", "fn_name": "std.cli::ArgParser::parse", "ledger_verdict": "must_drop", "local": "__match_scrut_tmpt655", "program_point": ["match_arm_02", 8], "raw_state": "live", "site": "match_cleanup", "site_reason": "needs_drop", "site_verdict": "must_drop"}
[drift:ownership_ledger] {"classification": "ledger_stricter", "fn_name": "std.cli::ArgParser::parse", "ledger_verdict": "must_drop", "local": "__match_scrut_tmpt663", "program_point": ["match_arm_12", 9], "raw_state": "live", "site": "match_cleanup", "site_reason": "field_moved", "site_verdict": "must_not_drop"}
[drift:ownership_ledger] {"classification": "agree", "fn_name": "std.cli::ArgParser::parse", "ledger_verdict": "must_drop", "local": "__match_binder_7__", "program_point": ["match_arm_12", 16], "raw_state": "live", "site": "scope_drop", "site_reason": "needs_drop", "site_verdict": "must_drop"}
[drift:ownership_ledger] {"classification": "agree", "fn_name": "std.cli::ArgParser::parse", "ledger_verdict": "must_drop", "local": "positionals", "program_point": ["match_arm_12", 18], "raw_state": "live", "site": "scope_drop", "site_reason": "needs_drop", "site_verdict": "must_drop"}
[drift:ownership_ledger] {"classification": "agree", "fn_name": "std.cli::ArgParser::parse", "ledger_verdict": "must_drop", "local": "option_values", "program_point": ["match_arm_12", 20], "raw_state": "live", "site": "scope_drop", "site_reason": "needs_drop", "site_verdict": "must_drop"}
[drift:ownership_ledger] {"classification": "agree", "fn_name": "std.cli::ArgParser::parse", "ledger_verdict": "must_drop", "local": "option_value_indices", "program_point": ["match_arm_12", 22], "raw_state": "live", "site": "scope_drop", "site_reason": "needs_drop", "site_verdict": "must_drop"}
[drift:ownership_ledger] {"classification": "agree", "fn_name": "std.cli::ArgParser::parse", "ledger_verdict": "must_drop", "local": "flag_option_indices", "program_point": ["match_arm_12", 24], "raw_state": "live", "site": "scope_drop", "site_reason": "needs_drop", "site_verdict": "must_drop"}
[drift:ownership_ledger] {"classification": "agree", "fn_name": "std.cli::ArgParser::parse", "ledger_verdict": "must_drop", "local": "positionals", "program_point": ["if_then25", 7], "raw_state": "live", "site": "scope_drop", "site_reason": "needs_drop", "site_verdict": "must_drop"}
[drift:ownership_ledger] {"classification": "agree", "fn_name": "std.cli::ArgParser::parse", "ledger_verdict": "must_drop", "local": "option_values", "program_point": ["if_then25", 9], "raw_state": "live", "site": "scope_drop", "site_reason": "needs_drop", "site_verdict": "must_drop"}
[drift:ownership_ledger] {"classification": "agree", "fn_name": "std.cli::ArgParser::parse", "ledger_verdict": "must_drop", "local": "option_value_indices", "program_point": ["if_then25", 11], "raw_state": "live", "site": "scope_drop", "site_reason": "needs_drop", "site_verdict": "must_drop"}
[drift:ownership_ledger] {"classification": "agree", "fn_name": "std.cli::ArgParser::parse", "ledger_verdict": "must_drop", "local": "flag_option_indices", "program_point": ["if_then25", 13], "raw_state": "live", "site": "scope_drop", "site_reason": "needs_drop", "site_verdict": "must_drop"}
[drift:ownership_ledger] {"classification": "agree", "fn_name": "std.cli::ArgParser::parse", "ledger_verdict": "must_drop", "local": "positionals", "program_point": ["if_then27", 5], "raw_state": "live", "site": "scope_drop", "site_reason": "needs_drop", "site_verdict": "must_drop"}
[drift:ownership_ledger] {"classification": "agree", "fn_name": "std.cli::ArgParser::parse", "ledger_verdict": "must_drop", "local": "option_values", "program_point": ["if_then27", 7], "raw_state": "live", "site": "scope_drop", "site_reason": "needs_drop", "site_verdict": "must_drop"}
[drift:ownership_ledger] {"classification": "agree", "fn_name": "std.cli::ArgParser::parse", "ledger_verdict": "must_drop", "local": "option_value_indices", "program_point": ["if_then27", 9], "raw_state": "live", "site": "scope_drop", "site_reason": "needs_drop", "site_verdict": "must_drop"}
[drift:ownership_ledger] {"classification": "agree", "fn_name": "std.cli::ArgParser::parse", "ledger_verdict": "must_drop", "local": "flag_option_indices", "program_point": ["if_then27", 11], "raw_state": "live", "site": "scope_drop", "site_reason": "needs_drop", "site_verdict": "must_drop"}
[drift:ownership_ledger] {"classification": "agree", "fn_name": "std.cli::ArgParser::parse", "ledger_verdict": "must_drop", "local": "positionals", "program_point": ["if_then28", 7], "raw_state": "live", "site": "scope_drop", "site_reason": "needs_drop", "site_verdict": "must_drop"}
[drift:ownership_ledger] {"classification": "agree", "fn_name": "std.cli::ArgParser::parse", "ledger_verdict": "must_drop", "local": "option_values", "program_point": ["if_then28", 9], "raw_state": "live", "site": "scope_drop", "site_reason": "needs_drop", "site_verdict": "must_drop"}
[drift:ownership_ledger] {"classification": "agree", "fn_name": "std.cli::ArgParser::parse", "ledger_verdict": "must_drop", "local": "option_value_indices", "program_point": ["if_then28", 11], "raw_state": "live", "site": "scope_drop", "site_reason": "needs_drop", "site_verdict": "must_drop"}
[drift:ownership_ledger] {"classification": "agree", "fn_name": "std.cli::ArgParser::parse", "ledger_verdict": "must_drop", "local": "flag_option_indices", "program_point": ["if_then28", 13], "raw_state": "live", "site": "scope_drop", "site_reason": "needs_drop", "site_verdict": "must_drop"}
[drift:ownership_ledger] {"classification": "agree", "fn_name": "std.cli::ArgParser::parse", "ledger_verdict": "must_drop", "local": "positionals", "program_point": ["if_then30", 10], "raw_state": "live", "site": "scope_drop", "site_reason": "needs_drop", "site_verdict": "must_drop"}
[drift:ownership_ledger] {"classification": "agree", "fn_name": "std.cli::ArgParser::parse", "ledger_verdict": "must_drop", "local": "option_values", "program_point": ["if_then30", 12], "raw_state": "live", "site": "scope_drop", "site_reason": "needs_drop", "site_verdict": "must_drop"}
[drift:ownership_ledger] {"classification": "agree", "fn_name": "std.cli::ArgParser::parse", "ledger_verdict": "must_drop", "local": "option_value_indices", "program_point": ["if_then30", 14], "raw_state": "live", "site": "scope_drop", "site_reason": "needs_drop", "site_verdict": "must_drop"}
[drift:ownership_ledger] {"classification": "agree", "fn_name": "std.cli::ArgParser::parse", "ledger_verdict": "must_drop", "local": "flag_option_indices", "program_point": ["if_then30", 16], "raw_state": "live", "site": "scope_drop", "site_reason": "needs_drop", "site_verdict": "must_drop"}
[drift:ownership_ledger] {"classification": "agree", "fn_name": "std.cli::ArgParser::parse", "ledger_verdict": "must_drop", "local": "positionals", "program_point": ["if_then31", 5], "raw_state": "live", "site": "scope_drop", "site_reason": "needs_drop", "site_verdict": "must_drop"}
[drift:ownership_ledger] {"classification": "agree", "fn_name": "std.cli::ArgParser::parse", "ledger_verdict": "must_drop", "local": "option_values", "program_point": ["if_then31", 7], "raw_state": "live", "site": "scope_drop", "site_reason": "needs_drop", "site_verdict": "must_drop"}
[drift:ownership_ledger] {"classification": "agree", "fn_name": "std.cli::ArgParser::parse", "ledger_verdict": "must_drop", "local": "option_value_indices", "program_point": ["if_then31", 9], "raw_state": "live", "site": "scope_drop", "site_reason": "needs_drop", "site_verdict": "must_drop"}
[drift:ownership_ledger] {"classification": "agree", "fn_name": "std.cli::ArgParser::parse", "ledger_verdict": "must_drop", "local": "flag_option_indices", "program_point": ["if_then31", 11], "raw_state": "live", "site": "scope_drop", "site_reason": "needs_drop", "site_verdict": "must_drop"}
[drift:ownership_ledger] {"classification": "agree", "fn_name": "std.cli::ArgParser::parse", "ledger_verdict": "must_not_drop", "local": "positionals", "program_point": ["if_join29", 6], "raw_state": "moved_out", "site": "scope_drop", "site_reason": "moved", "site_verdict": "must_not_drop"}
[drift:ownership_ledger] {"classification": "agree", "fn_name": "std.cli::ArgParser::parse", "ledger_verdict": "must_not_drop", "local": "option_values", "program_point": ["if_join29", 6], "raw_state": "moved_out", "site": "scope_drop", "site_reason": "moved", "site_verdict": "must_not_drop"}
[drift:ownership_ledger] {"classification": "agree", "fn_name": "std.cli::ArgParser::parse", "ledger_verdict": "must_not_drop", "local": "option_value_indices", "program_point": ["if_join29", 6], "raw_state": "moved_out", "site": "scope_drop", "site_reason": "moved", "site_verdict": "must_not_drop"}
[drift:ownership_ledger] {"classification": "agree", "fn_name": "std.cli::ArgParser::parse", "ledger_verdict": "must_not_drop", "local": "flag_option_indices", "program_point": ["if_join29", 6], "raw_state": "moved_out", "site": "scope_drop", "site_reason": "moved", "site_verdict": "must_not_drop"}
[drift:ownership_ledger] {"classification": "site_stricter", "fn_name": "std.cli::ParsedArgs::get_int", "ledger_verdict": "must_not_drop", "local": "__match_scrut_tmpt24", "program_point": ["match_arm_0", 8], "raw_state": "live", "site": "match_cleanup", "site_reason": "needs_drop", "site_verdict": "must_drop"}
[drift:ownership_ledger] {"classification": "agree", "fn_name": "std.cli::ParsedArgs::get_int", "ledger_verdict": "must_drop", "local": "__match_scrut_tmpt40", "program_point": ["match_arm_01", 8], "raw_state": "live", "site": "match_cleanup", "site_reason": "needs_drop", "site_verdict": "must_drop"}
[drift:ownership_ledger] {"classification": "ledger_stricter", "fn_name": "std.cli::ParsedArgs::get_int", "ledger_verdict": "must_drop", "local": "__match_scrut_tmpt50", "program_point": ["match_arm_11", 9], "raw_state": "live", "site": "match_cleanup", "site_reason": "field_moved", "site_verdict": "must_not_drop"}
[drift:ownership_ledger] {"classification": "agree", "fn_name": "std.cli::ParsedArgs::get_int", "ledger_verdict": "must_drop", "local": "__match_binder_10__", "program_point": ["match_arm_11", 10], "raw_state": "live", "site": "scope_drop", "site_reason": "needs_drop", "site_verdict": "must_drop"}
[drift:ownership_ledger] {"classification": "site_stricter", "fn_name": "std.cli::ParsedArgs::get_int", "ledger_verdict": "must_not_drop", "local": "__match_scrut_tmpt60", "program_point": ["match_arm_1", 4], "raw_state": "live", "site": "match_cleanup", "site_reason": "needs_drop", "site_verdict": "must_drop"}
[drift:ownership_ledger] {"classification": "agree", "fn_name": "std.codec::hex_encode", "ledger_verdict": "must_drop", "local": "out", "program_point": ["loop_exit", 6], "raw_state": "live", "site": "scope_drop", "site_reason": "needs_drop", "site_verdict": "must_drop"}
[drift:ownership_ledger] {"classification": "agree", "fn_name": "std.codec::base64_encode", "ledger_verdict": "must_drop", "local": "out", "program_point": ["loop_exit", 4], "raw_state": "live", "site": "scope_drop", "site_reason": "needs_drop", "site_verdict": "must_drop"}
[drift:ownership_ledger] {"classification": "agree", "fn_name": "std.codec::base32_encode", "ledger_verdict": "must_drop", "local": "out", "program_point": ["loop_exit", 4], "raw_state": "live", "site": "scope_drop", "site_reason": "needs_drop", "site_verdict": "must_drop"}
[drift:ownership_ledger] {"classification": "agree", "fn_name": "std.codec::base64url_encode", "ledger_verdict": "must_drop", "local": "out", "program_point": ["if_join5", 4], "raw_state": "live", "site": "scope_drop", "site_reason": "needs_drop", "site_verdict": "must_drop"}
[drift:ownership_ledger] {"classification": "agree", "fn_name": "std.codec::base64url_decode", "ledger_verdict": "must_not_drop", "local": "empty", "program_point": ["if_then", 8], "raw_state": "moved_out", "site": "scope_drop", "site_reason": "moved", "site_verdict": "must_not_drop"}
[drift:ownership_ledger] {"classification": "agree", "fn_name": "std.codec::base64url_decode", "ledger_verdict": "must_drop", "local": "out", "program_point": ["if_then3", 4], "raw_state": "live", "site": "scope_drop", "site_reason": "needs_drop", "site_verdict": "must_drop"}
[drift:ownership_ledger] {"classification": "agree", "fn_name": "std.codec::base64url_decode", "ledger_verdict": "must_drop", "local": "out", "program_point": ["if_then4", 6], "raw_state": "live", "site": "scope_drop", "site_reason": "needs_drop", "site_verdict": "must_drop"}
[drift:ownership_ledger] {"classification": "agree", "fn_name": "std.codec::base64url_decode", "ledger_verdict": "must_drop", "local": "out", "program_point": ["if_then5", 6], "raw_state": "live", "site": "scope_drop", "site_reason": "needs_drop", "site_verdict": "must_drop"}
[drift:ownership_ledger] {"classification": "agree", "fn_name": "std.codec::base64url_decode", "ledger_verdict": "must_drop", "local": "out", "program_point": ["if_then6", 6], "raw_state": "live", "site": "scope_drop", "site_reason": "needs_drop", "site_verdict": "must_drop"}
[drift:ownership_ledger] {"classification": "agree", "fn_name": "std.codec::base64url_decode", "ledger_verdict": "must_drop", "local": "out", "program_point": ["if_then7", 4], "raw_state": "live", "site": "scope_drop", "site_reason": "needs_drop", "site_verdict": "must_drop"}
[drift:ownership_ledger] {"classification": "agree", "fn_name": "std.codec::base64url_decode", "ledger_verdict": "must_drop", "local": "out", "program_point": ["if_then8", 6], "raw_state": "live", "site": "scope_drop", "site_reason": "needs_drop", "site_verdict": "must_drop"}
[drift:ownership_ledger] {"classification": "agree", "fn_name": "std.codec::base64url_decode", "ledger_verdict": "must_drop", "local": "out", "program_point": ["if_then9", 6], "raw_state": "live", "site": "scope_drop", "site_reason": "needs_drop", "site_verdict": "must_drop"}
[drift:ownership_ledger] {"classification": "agree", "fn_name": "std.codec::base64url_decode", "ledger_verdict": "must_drop", "local": "out", "program_point": ["if_then10", 6], "raw_state": "live", "site": "scope_drop", "site_reason": "needs_drop", "site_verdict": "must_drop"}
[drift:ownership_ledger] {"classification": "agree", "fn_name": "std.codec::base64url_decode", "ledger_verdict": "must_drop", "local": "out", "program_point": ["if_then12", 4], "raw_state": "live", "site": "scope_drop", "site_reason": "needs_drop", "site_verdict": "must_drop"}
[drift:ownership_ledger] {"classification": "agree", "fn_name": "std.codec::base64url_decode", "ledger_verdict": "must_drop", "local": "out", "program_point": ["if_then13", 6], "raw_state": "live", "site": "scope_drop", "site_reason": "needs_drop", "site_verdict": "must_drop"}
[drift:ownership_ledger] {"classification": "agree", "fn_name": "std.codec::base64url_decode", "ledger_verdict": "must_drop", "local": "out", "program_point": ["if_then14", 4], "raw_state": "live", "site": "scope_drop", "site_reason": "needs_drop", "site_verdict": "must_drop"}
[drift:ownership_ledger] {"classification": "agree", "fn_name": "std.codec::base64url_decode", "ledger_verdict": "must_drop", "local": "out", "program_point": ["if_then15", 6], "raw_state": "live", "site": "scope_drop", "site_reason": "needs_drop", "site_verdict": "must_drop"}
[drift:ownership_ledger] {"classification": "agree", "fn_name": "std.codec::base64url_decode", "ledger_verdict": "must_drop", "local": "out", "program_point": ["if_then16", 6], "raw_state": "live", "site": "scope_drop", "site_reason": "needs_drop", "site_verdict": "must_drop"}
[drift:ownership_ledger] {"classification": "agree", "fn_name": "std.codec::base64url_decode", "ledger_verdict": "must_drop", "local": "out", "program_point": ["if_then18", 4], "raw_state": "live", "site": "scope_drop", "site_reason": "needs_drop", "site_verdict": "must_drop"}
[drift:ownership_ledger] {"classification": "agree", "fn_name": "std.codec::base64url_decode", "ledger_verdict": "must_drop", "local": "out", "program_point": ["if_then19", 6], "raw_state": "live", "site": "scope_drop", "site_reason": "needs_drop", "site_verdict": "must_drop"}
[drift:ownership_ledger] {"classification": "agree", "fn_name": "std.codec::base64url_decode", "ledger_verdict": "must_drop", "local": "out", "program_point": ["if_then20", 6], "raw_state": "live", "site": "scope_drop", "site_reason": "needs_drop", "site_verdict": "must_drop"}
[drift:ownership_ledger] {"classification": "agree", "fn_name": "std.codec::base64url_decode", "ledger_verdict": "must_drop", "local": "out", "program_point": ["if_then21", 4], "raw_state": "live", "site": "scope_drop", "site_reason": "needs_drop", "site_verdict": "must_drop"}
[drift:ownership_ledger] {"classification": "agree", "fn_name": "std.codec::base64url_decode", "ledger_verdict": "must_drop", "local": "out", "program_point": ["if_then22", 6], "raw_state": "live", "site": "scope_drop", "site_reason": "needs_drop", "site_verdict": "must_drop"}
[drift:ownership_ledger] {"classification": "agree", "fn_name": "std.codec::base64url_decode", "ledger_verdict": "must_drop", "local": "out", "program_point": ["if_then23", 6], "raw_state": "live", "site": "scope_drop", "site_reason": "needs_drop", "site_verdict": "must_drop"}
[drift:ownership_ledger] {"classification": "agree", "fn_name": "std.codec::base64url_decode", "ledger_verdict": "must_drop", "local": "out", "program_point": ["if_then24", 6], "raw_state": "live", "site": "scope_drop", "site_reason": "needs_drop", "site_verdict": "must_drop"}
[drift:ownership_ledger] {"classification": "agree", "fn_name": "std.codec::base64url_decode", "ledger_verdict": "must_not_drop", "local": "out", "program_point": ["if_join17", 2], "raw_state": "moved_out", "site": "scope_drop", "site_reason": "moved", "site_verdict": "must_not_drop"}
[drift:ownership_ledger] {"classification": "agree", "fn_name": "std.codec::_hex_decode_impl", "ledger_verdict": "must_drop", "local": "pos", "program_point": ["if_then4", 4], "raw_state": "live", "site": "scope_drop", "site_reason": "needs_drop", "site_verdict": "must_drop"}
[drift:ownership_ledger] {"classification": "agree", "fn_name": "std.codec::_hex_decode_impl", "ledger_verdict": "must_drop", "local": "clean", "program_point": ["if_then4", 6], "raw_state": "live", "site": "scope_drop", "site_reason": "needs_drop", "site_verdict": "must_drop"}
[drift:ownership_ledger] {"classification": "agree", "fn_name": "std.codec::_hex_decode_impl", "ledger_verdict": "must_drop", "local": "out", "program_point": ["idx_join1", 4], "raw_state": "live", "site": "scope_drop", "site_reason": "needs_drop", "site_verdict": "must_drop"}
[drift:ownership_ledger] {"classification": "agree", "fn_name": "std.codec::_hex_decode_impl", "ledger_verdict": "must_drop", "local": "pos", "program_point": ["idx_join1", 6], "raw_state": "live", "site": "scope_drop", "site_reason": "needs_drop", "site_verdict": "must_drop"}
[drift:ownership_ledger] {"classification": "agree", "fn_name": "std.codec::_hex_decode_impl", "ledger_verdict": "must_drop", "local": "clean", "program_point": ["idx_join1", 8], "raw_state": "live", "site": "scope_drop", "site_reason": "needs_drop", "site_verdict": "must_drop"}
[drift:ownership_ledger] {"classification": "agree", "fn_name": "std.codec::_hex_decode_impl", "ledger_verdict": "must_drop", "local": "out", "program_point": ["idx_join3", 4], "raw_state": "live", "site": "scope_drop", "site_reason": "needs_drop", "site_verdict": "must_drop"}
[drift:ownership_ledger] {"classification": "agree", "fn_name": "std.codec::_hex_decode_impl", "ledger_verdict": "must_drop", "local": "pos", "program_point": ["idx_join3", 6], "raw_state": "live", "site": "scope_drop", "site_reason": "needs_drop", "site_verdict": "must_drop"}
[drift:ownership_ledger] {"classification": "agree", "fn_name": "std.codec::_hex_decode_impl", "ledger_verdict": "must_drop", "local": "clean", "program_point": ["idx_join3", 8], "raw_state": "live", "site": "scope_drop", "site_reason": "needs_drop", "site_verdict": "must_drop"}
[drift:ownership_ledger] {"classification": "agree", "fn_name": "std.codec::_hex_decode_impl", "ledger_verdict": "must_not_drop", "local": "out", "program_point": ["loop_exit1", 2], "raw_state": "moved_out", "site": "scope_drop", "site_reason": "moved", "site_verdict": "must_not_drop"}
[drift:ownership_ledger] {"classification": "agree", "fn_name": "std.codec::_hex_decode_impl", "ledger_verdict": "must_drop", "local": "pos", "program_point": ["loop_exit1", 2], "raw_state": "live", "site": "scope_drop", "site_reason": "needs_drop", "site_verdict": "must_drop"}
[drift:ownership_ledger] {"classification": "agree", "fn_name": "std.codec::_hex_decode_impl", "ledger_verdict": "must_drop", "local": "clean", "program_point": ["loop_exit1", 4], "raw_state": "live", "site": "scope_drop", "site_reason": "needs_drop", "site_verdict": "must_drop"}
[drift:ownership_ledger] {"classification": "agree", "fn_name": "std.codec::_base64_decode_impl", "ledger_verdict": "must_drop", "local": "pos", "program_point": ["if_then2", 4], "raw_state": "live", "site": "scope_drop", "site_reason": "needs_drop", "site_verdict": "must_drop"}
[drift:ownership_ledger] {"classification": "agree", "fn_name": "std.codec::_base64_decode_impl", "ledger_verdict": "must_drop", "local": "clean", "program_point": ["if_then2", 6], "raw_state": "live", "site": "scope_drop", "site_reason": "needs_drop", "site_verdict": "must_drop"}
[drift:ownership_ledger] {"classification": "agree", "fn_name": "std.codec::_base64_decode_impl", "ledger_verdict": "must_drop", "local": "out", "program_point": ["idx_join4", 4], "raw_state": "live", "site": "scope_drop", "site_reason": "needs_drop", "site_verdict": "must_drop"}
[drift:ownership_ledger] {"classification": "agree", "fn_name": "std.codec::_base64_decode_impl", "ledger_verdict": "must_drop", "local": "pos", "program_point": ["idx_join4", 6], "raw_state": "live", "site": "scope_drop", "site_reason": "needs_drop", "site_verdict": "must_drop"}
[drift:ownership_ledger] {"classification": "agree", "fn_name": "std.codec::_base64_decode_impl", "ledger_verdict": "must_drop", "local": "clean", "program_point": ["idx_join4", 8], "raw_state": "live", "site": "scope_drop", "site_reason": "needs_drop", "site_verdict": "must_drop"}
[drift:ownership_ledger] {"classification": "agree", "fn_name": "std.codec::_base64_decode_impl", "ledger_verdict": "must_drop", "local": "out", "program_point": ["idx_join5", 4], "raw_state": "live", "site": "scope_drop", "site_reason": "needs_drop", "site_verdict": "must_drop"}
[drift:ownership_ledger] {"classification": "agree", "fn_name": "std.codec::_base64_decode_impl", "ledger_verdict": "must_drop", "local": "pos", "program_point": ["idx_join5", 6], "raw_state": "live", "site": "scope_drop", "site_reason": "needs_drop", "site_verdict": "must_drop"}
[drift:ownership_ledger] {"classification": "agree", "fn_name": "std.codec::_base64_decode_impl", "ledger_verdict": "must_drop", "local": "clean", "program_point": ["idx_join5", 8], "raw_state": "live", "site": "scope_drop", "site_reason": "needs_drop", "site_verdict": "must_drop"}
[drift:ownership_ledger] {"classification": "agree", "fn_name": "std.codec::_base64_decode_impl", "ledger_verdict": "must_drop", "local": "out", "program_point": ["idx_join6", 4], "raw_state": "live", "site": "scope_drop", "site_reason": "needs_drop", "site_verdict": "must_drop"}
[drift:ownership_ledger] {"classification": "agree", "fn_name": "std.codec::_base64_decode_impl", "ledger_verdict": "must_drop", "local": "pos", "program_point": ["idx_join6", 6], "raw_state": "live", "site": "scope_drop", "site_reason": "needs_drop", "site_verdict": "must_drop"}
[drift:ownership_ledger] {"classification": "agree", "fn_name": "std.codec::_base64_decode_impl", "ledger_verdict": "must_drop", "local": "clean", "program_point": ["idx_join6", 8], "raw_state": "live", "site": "scope_drop", "site_reason": "needs_drop", "site_verdict": "must_drop"}
[drift:ownership_ledger] {"classification": "agree", "fn_name": "std.codec::_base64_decode_impl", "ledger_verdict": "must_drop", "local": "out", "program_point": ["idx_join7", 4], "raw_state": "live", "site": "scope_drop", "site_reason": "needs_drop", "site_verdict": "must_drop"}
[drift:ownership_ledger] {"classification": "agree", "fn_name": "std.codec::_base64_decode_impl", "ledger_verdict": "must_drop", "local": "pos", "program_point": ["idx_join7", 6], "raw_state": "live", "site": "scope_drop", "site_reason": "needs_drop", "site_verdict": "must_drop"}
[drift:ownership_ledger] {"classification": "agree", "fn_name": "std.codec::_base64_decode_impl", "ledger_verdict": "must_drop", "local": "clean", "program_point": ["idx_join7", 8], "raw_state": "live", "site": "scope_drop", "site_reason": "needs_drop", "site_verdict": "must_drop"}
[drift:ownership_ledger] {"classification": "agree", "fn_name": "std.codec::_base64_decode_impl", "ledger_verdict": "must_drop", "local": "out", "program_point": ["idx_join8", 4], "raw_state": "live", "site": "scope_drop", "site_reason": "needs_drop", "site_verdict": "must_drop"}
[drift:ownership_ledger] {"classification": "agree", "fn_name": "std.codec::_base64_decode_impl", "ledger_verdict": "must_drop", "local": "pos", "program_point": ["idx_join8", 6], "raw_state": "live", "site": "scope_drop", "site_reason": "needs_drop", "site_verdict": "must_drop"}
[drift:ownership_ledger] {"classification": "agree", "fn_name": "std.codec::_base64_decode_impl", "ledger_verdict": "must_drop", "local": "clean", "program_point": ["idx_join8", 8], "raw_state": "live", "site": "scope_drop", "site_reason": "needs_drop", "site_verdict": "must_drop"}
[drift:ownership_ledger] {"classification": "agree", "fn_name": "std.codec::_base64_decode_impl", "ledger_verdict": "must_drop", "local": "out", "program_point": ["idx_join9", 4], "raw_state": "live", "site": "scope_drop", "site_reason": "needs_drop", "site_verdict": "must_drop"}
[drift:ownership_ledger] {"classification": "agree", "fn_name": "std.codec::_base64_decode_impl", "ledger_verdict": "must_drop", "local": "pos", "program_point": ["idx_join9", 6], "raw_state": "live", "site": "scope_drop", "site_reason": "needs_drop", "site_verdict": "must_drop"}
[drift:ownership_ledger] {"classification": "agree", "fn_name": "std.codec::_base64_decode_impl", "ledger_verdict": "must_drop", "local": "clean", "program_point": ["idx_join9", 8], "raw_state": "live", "site": "scope_drop", "site_reason": "needs_drop", "site_verdict": "must_drop"}
[drift:ownership_ledger] {"classification": "agree", "fn_name": "std.codec::_base64_decode_impl", "ledger_verdict": "must_drop", "local": "out", "program_point": ["idx_join10", 4], "raw_state": "live", "site": "scope_drop", "site_reason": "needs_drop", "site_verdict": "must_drop"}
[drift:ownership_ledger] {"classification": "agree", "fn_name": "std.codec::_base64_decode_impl", "ledger_verdict": "must_drop", "local": "pos", "program_point": ["idx_join10", 6], "raw_state": "live", "site": "scope_drop", "site_reason": "needs_drop", "site_verdict": "must_drop"}
[drift:ownership_ledger] {"classification": "agree", "fn_name": "std.codec::_base64_decode_impl", "ledger_verdict": "must_drop", "local": "clean", "program_point": ["idx_join10", 8], "raw_state": "live", "site": "scope_drop", "site_reason": "needs_drop", "site_verdict": "must_drop"}
[drift:ownership_ledger] {"classification": "agree", "fn_name": "std.codec::_base64_decode_impl", "ledger_verdict": "must_drop", "local": "out", "program_point": ["idx_join11", 4], "raw_state": "live", "site": "scope_drop", "site_reason": "needs_drop", "site_verdict": "must_drop"}
[drift:ownership_ledger] {"classification": "agree", "fn_name": "std.codec::_base64_decode_impl", "ledger_verdict": "must_drop", "local": "pos", "program_point": ["idx_join11", 6], "raw_state": "live", "site": "scope_drop", "site_reason": "needs_drop", "site_verdict": "must_drop"}
[drift:ownership_ledger] {"classification": "agree", "fn_name": "std.codec::_base64_decode_impl", "ledger_verdict": "must_drop", "local": "clean", "program_point": ["idx_join11", 8], "raw_state": "live", "site": "scope_drop", "site_reason": "needs_drop", "site_verdict": "must_drop"}
[drift:ownership_ledger] {"classification": "agree", "fn_name": "std.codec::_base64_decode_impl", "ledger_verdict": "must_drop", "local": "out", "program_point": ["idx_join12", 4], "raw_state": "live", "site": "scope_drop", "site_reason": "needs_drop", "site_verdict": "must_drop"}
[drift:ownership_ledger] {"classification": "agree", "fn_name": "std.codec::_base64_decode_impl", "ledger_verdict": "must_drop", "local": "pos", "program_point": ["idx_join12", 6], "raw_state": "live", "site": "scope_drop", "site_reason": "needs_drop", "site_verdict": "must_drop"}
[drift:ownership_ledger] {"classification": "agree", "fn_name": "std.codec::_base64_decode_impl", "ledger_verdict": "must_drop", "local": "clean", "program_point": ["idx_join12", 8], "raw_state": "live", "site": "scope_drop", "site_reason": "needs_drop", "site_verdict": "must_drop"}
[drift:ownership_ledger] {"classification": "agree", "fn_name": "std.codec::_base64_decode_impl", "ledger_verdict": "must_not_drop", "local": "out", "program_point": ["loop_exit1", 2], "raw_state": "moved_out", "site": "scope_drop", "site_reason": "moved", "site_verdict": "must_not_drop"}
[drift:ownership_ledger] {"classification": "agree", "fn_name": "std.codec::_base64_decode_impl", "ledger_verdict": "must_drop", "local": "pos", "program_point": ["loop_exit1", 2], "raw_state": "live", "site": "scope_drop", "site_reason": "needs_drop", "site_verdict": "must_drop"}
[drift:ownership_ledger] {"classification": "agree", "fn_name": "std.codec::_base64_decode_impl", "ledger_verdict": "must_drop", "local": "clean", "program_point": ["loop_exit1", 4], "raw_state": "live", "site": "scope_drop", "site_reason": "needs_drop", "site_verdict": "must_drop"}
[drift:ownership_ledger] {"classification": "agree", "fn_name": "std.codec::_base32_decode_impl", "ledger_verdict": "must_drop", "local": "pos", "program_point": ["if_then2", 4], "raw_state": "live", "site": "scope_drop", "site_reason": "needs_drop", "site_verdict": "must_drop"}
[drift:ownership_ledger] {"classification": "agree", "fn_name": "std.codec::_base32_decode_impl", "ledger_verdict": "must_drop", "local": "clean", "program_point": ["if_then2", 6], "raw_state": "live", "site": "scope_drop", "site_reason": "needs_drop", "site_verdict": "must_drop"}
[drift:ownership_ledger] {"classification": "agree", "fn_name": "std.codec::_base32_decode_impl", "ledger_verdict": "must_drop", "local": "vals", "program_point": ["idx_join1", 4], "raw_state": "live", "site": "scope_drop", "site_reason": "needs_drop", "site_verdict": "must_drop"}
[drift:ownership_ledger] {"classification": "agree", "fn_name": "std.codec::_base32_decode_impl", "ledger_verdict": "must_drop", "local": "out", "program_point": ["idx_join1", 6], "raw_state": "live", "site": "scope_drop", "site_reason": "needs_drop", "site_verdict": "must_drop"}
[drift:ownership_ledger] {"classification": "agree", "fn_name": "std.codec::_base32_decode_impl", "ledger_verdict": "must_drop", "local": "pos", "program_point": ["idx_join1", 8], "raw_state": "live", "site": "scope_drop", "site_reason": "needs_drop", "site_verdict": "must_drop"}
[drift:ownership_ledger] {"classification": "agree", "fn_name": "std.codec::_base32_decode_impl", "ledger_verdict": "must_drop", "local": "clean", "program_point": ["idx_join1", 10], "raw_state": "live", "site": "scope_drop", "site_reason": "needs_drop", "site_verdict": "must_drop"}
[drift:ownership_ledger] {"classification": "agree", "fn_name": "std.codec::_base32_decode_impl", "ledger_verdict": "must_drop", "local": "vals", "program_point": ["idx_join4", 4], "raw_state": "live", "site": "scope_drop", "site_reason": "needs_drop", "site_verdict": "must_drop"}
[drift:ownership_ledger] {"classification": "agree", "fn_name": "std.codec::_base32_decode_impl", "ledger_verdict": "must_drop", "local": "out", "program_point": ["idx_join4", 6], "raw_state": "live", "site": "scope_drop", "site_reason": "needs_drop", "site_verdict": "must_drop"}
[drift:ownership_ledger] {"classification": "agree", "fn_name": "std.codec::_base32_decode_impl", "ledger_verdict": "must_drop", "local": "pos", "program_point": ["idx_join4", 8], "raw_state": "live", "site": "scope_drop", "site_reason": "needs_drop", "site_verdict": "must_drop"}
[drift:ownership_ledger] {"classification": "agree", "fn_name": "std.codec::_base32_decode_impl", "ledger_verdict": "must_drop", "local": "clean", "program_point": ["idx_join4", 10], "raw_state": "live", "site": "scope_drop", "site_reason": "needs_drop", "site_verdict": "must_drop"}
[drift:ownership_ledger] {"classification": "agree", "fn_name": "std.codec::_base32_decode_impl", "ledger_verdict": "must_drop", "local": "vals", "program_point": ["idx_join5", 4], "raw_state": "live", "site": "scope_drop", "site_reason": "needs_drop", "site_verdict": "must_drop"}
[drift:ownership_ledger] {"classification": "agree", "fn_name": "std.codec::_base32_decode_impl", "ledger_verdict": "must_drop", "local": "out", "program_point": ["idx_join5", 6], "raw_state": "live", "site": "scope_drop", "site_reason": "needs_drop", "site_verdict": "must_drop"}
[drift:ownership_ledger] {"classification": "agree", "fn_name": "std.codec::_base32_decode_impl", "ledger_verdict": "must_drop", "local": "pos", "program_point": ["idx_join5", 8], "raw_state": "live", "site": "scope_drop", "site_reason": "needs_drop", "site_verdict": "must_drop"}
[drift:ownership_ledger] {"classification": "agree", "fn_name": "std.codec::_base32_decode_impl", "ledger_verdict": "must_drop", "local": "clean", "program_point": ["idx_join5", 10], "raw_state": "live", "site": "scope_drop", "site_reason": "needs_drop", "site_verdict": "must_drop"}
[drift:ownership_ledger] {"classification": "agree", "fn_name": "std.codec::_base32_decode_impl", "ledger_verdict": "must_drop", "local": "vals", "program_point": ["idx_join6", 4], "raw_state": "live", "site": "scope_drop", "site_reason": "needs_drop", "site_verdict": "must_drop"}
[drift:ownership_ledger] {"classification": "agree", "fn_name": "std.codec::_base32_decode_impl", "ledger_verdict": "must_drop", "local": "out", "program_point": ["idx_join6", 6], "raw_state": "live", "site": "scope_drop", "site_reason": "needs_drop", "site_verdict": "must_drop"}
[drift:ownership_ledger] {"classification": "agree", "fn_name": "std.codec::_base32_decode_impl", "ledger_verdict": "must_drop", "local": "pos", "program_point": ["idx_join6", 8], "raw_state": "live", "site": "scope_drop", "site_reason": "needs_drop", "site_verdict": "must_drop"}
[drift:ownership_ledger] {"classification": "agree", "fn_name": "std.codec::_base32_decode_impl", "ledger_verdict": "must_drop", "local": "clean", "program_point": ["idx_join6", 10], "raw_state": "live", "site": "scope_drop", "site_reason": "needs_drop", "site_verdict": "must_drop"}
[drift:ownership_ledger] {"classification": "agree", "fn_name": "std.codec::_base32_decode_impl", "ledger_verdict": "must_drop", "local": "vals", "program_point": ["if_join12", 4], "raw_state": "live", "site": "scope_drop", "site_reason": "needs_drop", "site_verdict": "must_drop"}
[drift:ownership_ledger] {"classification": "agree", "fn_name": "std.codec::_base32_decode_impl", "ledger_verdict": "must_not_drop", "local": "out", "program_point": ["loop_exit1", 2], "raw_state": "moved_out", "site": "scope_drop", "site_reason": "moved", "site_verdict": "must_not_drop"}
[drift:ownership_ledger] {"classification": "agree", "fn_name": "std.codec::_base32_decode_impl", "ledger_verdict": "must_drop", "local": "pos", "program_point": ["loop_exit1", 2], "raw_state": "live", "site": "scope_drop", "site_reason": "needs_drop", "site_verdict": "must_drop"}
[drift:ownership_ledger] {"classification": "agree", "fn_name": "std.codec::_base32_decode_impl", "ledger_verdict": "must_drop", "local": "clean", "program_point": ["loop_exit1", 4], "raw_state": "live", "site": "scope_drop", "site_reason": "needs_drop", "site_verdict": "must_drop"}
[drift:ownership_ledger] {"classification": "agree", "fn_name": "std.codec::CodecError::std.core.Throw::throw_self", "ledger_verdict": "must_drop", "local": "self", "program_point": ["entry", 8], "raw_state": "live", "site": "scope_drop", "site_reason": "needs_drop", "site_verdict": "must_drop"}
[drift:ownership_ledger] {"classification": "site_stricter", "fn_name": "std.concurrent::build_executor", "ledger_verdict": "must_not_drop", "local": "__match_scrut_tmpt11", "program_point": ["match_arm_0", 4], "raw_state": "live", "site": "match_cleanup", "site_reason": "needs_drop", "site_verdict": "must_drop"}
[drift:ownership_ledger] {"classification": "site_stricter", "fn_name": "std.concurrent::build_executor", "ledger_verdict": "must_not_drop", "local": "__match_scrut_tmpt17", "program_point": ["match_arm_1", 4], "raw_state": "live", "site": "match_cleanup", "site_reason": "needs_drop", "site_verdict": "must_drop"}
[drift:ownership_ledger] {"classification": "agree", "fn_name": "std.concurrent::_check_duration", "ledger_verdict": "must_not_drop", "local": "__try_errt6", "program_point": ["try_catch_0", 6], "raw_state": "moved_out", "site": "scope_drop", "site_reason": "moved", "site_verdict": "must_not_drop"}
[drift:ownership_ledger] {"classification": "ledger_stricter", "fn_name": "std.concurrent::sleep", "ledger_verdict": "must_drop", "local": "__match_scrut_tmpt10", "program_point": ["match_arm_0", 8], "raw_state": "live", "site": "match_cleanup", "site_reason": "field_moved", "site_verdict": "must_not_drop"}
[drift:ownership_ledger] {"classification": "agree", "fn_name": "std.concurrent::sleep", "ledger_verdict": "must_not_drop", "local": "__match_binder_3_err", "program_point": ["match_arm_0", 10], "raw_state": "moved_out", "site": "scope_drop", "site_reason": "moved", "site_verdict": "must_not_drop"}
[drift:ownership_ledger] {"classification": "agree", "fn_name": "std.concurrent::sleep", "ledger_verdict": "must_not_drop", "local": "ok", "program_point": ["match_arm_0", 10], "raw_state": "moved_out", "site": "scope_drop", "site_reason": "moved", "site_verdict": "must_not_drop"}
[drift:ownership_ledger] {"classification": "agree", "fn_name": "std.concurrent::sleep", "ledger_verdict": "must_drop", "local": "__match_scrut_tmpt19", "program_point": ["match_arm_1", 7], "raw_state": "live", "site": "match_cleanup", "site_reason": "needs_drop", "site_verdict": "must_drop"}
[drift:ownership_ledger] {"classification": "agree", "fn_name": "std.concurrent::sleep", "ledger_verdict": "must_not_drop", "local": "ok", "program_point": ["if_then", 2], "raw_state": "moved_out", "site": "scope_drop", "site_reason": "moved", "site_verdict": "must_not_drop"}
[drift:ownership_ledger] {"classification": "agree", "fn_name": "std.concurrent::sleep", "ledger_verdict": "must_not_drop", "local": "ok", "program_point": ["if_then1", 6], "raw_state": "moved_out", "site": "scope_drop", "site_reason": "moved", "site_verdict": "must_not_drop"}
[drift:ownership_ledger] {"classification": "agree", "fn_name": "std.concurrent::sleep", "ledger_verdict": "must_not_drop", "local": "ok", "program_point": ["if_join1", 8], "raw_state": "moved_out", "site": "scope_drop", "site_reason": "moved", "site_verdict": "must_not_drop"}
[drift:ownership_ledger] {"classification": "agree", "fn_name": "std.concurrent::ConcurrencyError::std.core.Throw::throw_self", "ledger_verdict": "must_drop", "local": "self", "program_point": ["match_arm_0", 7], "raw_state": "live", "site": "scope_drop", "site_reason": "needs_drop", "site_verdict": "must_drop"}
[drift:ownership_ledger] {"classification": "agree", "fn_name": "std.concurrent::ConcurrencyError::std.core.Throw::throw_self", "ledger_verdict": "must_drop", "local": "self", "program_point": ["match_arm_1", 7], "raw_state": "live", "site": "scope_drop", "site_reason": "needs_drop", "site_verdict": "must_drop"}
[drift:ownership_ledger] {"classification": "agree", "fn_name": "std.concurrent::ConcurrencyError::std.core.Throw::throw_self", "ledger_verdict": "must_drop", "local": "self", "program_point": ["match_arm_2", 7], "raw_state": "live", "site": "scope_drop", "site_reason": "needs_drop", "site_verdict": "must_drop"}
[drift:ownership_ledger] {"classification": "agree", "fn_name": "std.concurrent::ConcurrencyError::std.core.Throw::throw_self", "ledger_verdict": "must_drop", "local": "self", "program_point": ["match_arm_3", 7], "raw_state": "live", "site": "scope_drop", "site_reason": "needs_drop", "site_verdict": "must_drop"}
[drift:ownership_ledger] {"classification": "agree", "fn_name": "std.concurrent::ConcurrencyError::std.core.Throw::throw_self", "ledger_verdict": "must_drop", "local": "self", "program_point": ["match_arm_4", 9], "raw_state": "live", "site": "scope_drop", "site_reason": "needs_drop", "site_verdict": "must_drop"}
[drift:ownership_ledger] {"classification": "site_stricter", "fn_name": "std.concurrent::ExecutorPolicyBuilder::build_executor", "ledger_verdict": "must_not_drop", "local": "__match_scrut_tmpt13", "program_point": ["match_arm_0", 4], "raw_state": "live", "site": "match_cleanup", "site_reason": "needs_drop", "site_verdict": "must_drop"}
[drift:ownership_ledger] {"classification": "site_stricter", "fn_name": "std.concurrent::ExecutorPolicyBuilder::build_executor", "ledger_verdict": "must_not_drop", "local": "__match_scrut_tmpt19", "program_point": ["match_arm_1", 4], "raw_state": "live", "site": "match_cleanup", "site_reason": "needs_drop", "site_verdict": "must_drop"}
[drift:ownership_ledger] {"classification": "site_stricter", "fn_name": "std.console::_write_all_stream", "ledger_verdict": "must_not_drop", "local": "__match_scrut_tmpt38", "program_point": ["match_arm_0", 7], "raw_state": "live", "site": "match_cleanup", "site_reason": "needs_drop", "site_verdict": "must_drop"}
[drift:ownership_ledger] {"classification": "agree", "fn_name": "std.console::_write_all_stream", "ledger_verdict": "must_drop", "local": "chunk", "program_point": ["if_then1", 0], "raw_state": "live", "site": "scope_drop", "site_reason": "needs_drop", "site_verdict": "must_drop"}
[drift:ownership_ledger] {"classification": "site_stricter", "fn_name": "std.console::_write_all_stream", "ledger_verdict": "must_not_drop", "local": "__match_scrut_tmpt52", "program_point": ["match_arm_1", 7], "raw_state": "live", "site": "match_cleanup", "site_reason": "needs_drop", "site_verdict": "must_drop"}
[drift:ownership_ledger] {"classification": "agree", "fn_name": "std.console::_write_all_stream", "ledger_verdict": "must_drop", "local": "chunk", "program_point": ["match_arm_1", 9], "raw_state": "live", "site": "scope_drop", "site_reason": "needs_drop", "site_verdict": "must_drop"}
[drift:ownership_ledger] {"classification": "site_stricter", "fn_name": "std.console::_write_all_stream", "ledger_verdict": "must_not_drop", "local": "__match_scrut_tmpt60", "program_point": ["match_arm_2", 3], "raw_state": "live", "site": "match_cleanup", "site_reason": "needs_drop", "site_verdict": "must_drop"}
[drift:ownership_ledger] {"classification": "agree", "fn_name": "std.console::_write_all_stream", "ledger_verdict": "must_drop", "local": "chunk", "program_point": ["match_arm_2", 5], "raw_state": "live", "site": "scope_drop", "site_reason": "needs_drop", "site_verdict": "must_drop"}
[drift:ownership_ledger] {"classification": "agree", "fn_name": "std.console::_write_all_stream", "ledger_verdict": "must_drop", "local": "chunk", "program_point": ["match_join", 0], "raw_state": "live", "site": "scope_drop", "site_reason": "needs_drop", "site_verdict": "must_drop"}
[drift:ownership_ledger] {"classification": "agree", "fn_name": "std.core::diagnostic_entry", "ledger_verdict": "must_not_drop", "local": "value", "program_point": ["entry", 4], "raw_state": "moved_out", "site": "scope_drop", "site_reason": "moved", "site_verdict": "must_not_drop"}
[drift:ownership_ledger] {"classification": "site_stricter", "fn_name": "std.core::DiagnosticValue::Diagnostic::to_diag", "ledger_verdict": "must_not_drop", "local": "self", "program_point": ["entry", 4], "raw_state": "live", "site": "scope_drop", "site_reason": "needs_drop", "site_verdict": "must_drop"}
[drift:ownership_ledger] {"classification": "agree", "fn_name": "std.core::DiagnosticValue::Throw::throw_self", "ledger_verdict": "must_drop", "local": "self", "program_point": ["entry", 6], "raw_state": "live", "site": "scope_drop", "site_reason": "needs_drop", "site_verdict": "must_drop"}
[drift:ownership_ledger] {"classification": "agree", "fn_name": "std.crypto::sha256", "ledger_verdict": "must_drop", "local": "w", "program_point": ["loop_exit6", 44], "raw_state": "live", "site": "scope_drop", "site_reason": "needs_drop", "site_verdict": "must_drop"}
[drift:ownership_ledger] {"classification": "agree", "fn_name": "std.crypto::sha256", "ledger_verdict": "must_not_drop", "local": "out", "program_point": ["loop_exit2", 28], "raw_state": "moved_out", "site": "scope_drop", "site_reason": "moved", "site_verdict": "must_not_drop"}
[drift:ownership_ledger] {"classification": "agree", "fn_name": "std.crypto::sha256", "ledger_verdict": "must_drop", "local": "msg", "program_point": ["loop_exit2", 28], "raw_state": "live", "site": "scope_drop", "site_reason": "needs_drop", "site_verdict": "must_drop"}
[drift:ownership_ledger] {"classification": "agree", "fn_name": "std.crypto::hmac_sha256", "ledger_verdict": "must_drop", "local": "inner_hash", "program_point": ["loop_exit4", 2], "raw_state": "live", "site": "scope_drop", "site_reason": "needs_drop", "site_verdict": "must_drop"}
[drift:ownership_ledger] {"classification": "agree", "fn_name": "std.crypto::hmac_sha256", "ledger_verdict": "must_drop", "local": "opad_prefix", "program_point": ["loop_exit4", 4], "raw_state": "live", "site": "scope_drop", "site_reason": "needs_drop", "site_verdict": "must_drop"}
[drift:ownership_ledger] {"classification": "agree", "fn_name": "std.crypto::hmac_sha256", "ledger_verdict": "must_drop", "local": "ipad_msg", "program_point": ["loop_exit4", 6], "raw_state": "live", "site": "scope_drop", "site_reason": "needs_drop", "site_verdict": "must_drop"}
[drift:ownership_ledger] {"classification": "agree", "fn_name": "std.crypto::hmac_sha256", "ledger_verdict": "must_drop", "local": "effective_key", "program_point": ["loop_exit4", 8], "raw_state": "live", "site": "scope_drop", "site_reason": "needs_drop", "site_verdict": "must_drop"}
[drift:ownership_ledger] {"classification": "agree", "fn_name": "std.crypto::sha1", "ledger_verdict": "must_drop", "local": "w", "program_point": ["loop_exit6", 29], "raw_state": "live", "site": "scope_drop", "site_reason": "needs_drop", "site_verdict": "must_drop"}
[drift:ownership_ledger] {"classification": "agree", "fn_name": "std.crypto::sha1", "ledger_verdict": "must_not_drop", "local": "out", "program_point": ["loop_exit2", 19], "raw_state": "moved_out", "site": "scope_drop", "site_reason": "moved", "site_verdict": "must_not_drop"}
[drift:ownership_ledger] {"classification": "agree", "fn_name": "std.crypto::sha1", "ledger_verdict": "must_drop", "local": "msg", "program_point": ["loop_exit2", 19], "raw_state": "live", "site": "scope_drop", "site_reason": "needs_drop", "site_verdict": "must_drop"}
[drift:ownership_ledger] {"classification": "agree", "fn_name": "std.crypto::_sha512_core", "ledger_verdict": "must_drop", "local": "w", "program_point": ["loop_exit6", 36], "raw_state": "live", "site": "scope_drop", "site_reason": "needs_drop", "site_verdict": "must_drop"}
[drift:ownership_ledger] {"classification": "agree", "fn_name": "std.crypto::_sha512_core", "ledger_verdict": "must_not_drop", "local": "state", "program_point": ["array_cap_join211", 8], "raw_state": "moved_out", "site": "scope_drop", "site_reason": "moved", "site_verdict": "must_not_drop"}
[drift:ownership_ledger] {"classification": "agree", "fn_name": "std.crypto::_sha512_core", "ledger_verdict": "must_drop", "local": "msg", "program_point": ["array_cap_join211", 8], "raw_state": "live", "site": "scope_drop", "site_reason": "needs_drop", "site_verdict": "must_drop"}
[drift:ownership_ledger] {"classification": "agree", "fn_name": "std.crypto::sha512", "ledger_verdict": "must_not_drop", "local": "out", "program_point": ["loop_exit", 1], "raw_state": "moved_out", "site": "scope_drop", "site_reason": "moved", "site_verdict": "must_not_drop"}
[drift:ownership_ledger] {"classification": "agree", "fn_name": "std.crypto::sha512", "ledger_verdict": "must_drop", "local": "state", "program_point": ["loop_exit", 1], "raw_state": "live", "site": "scope_drop", "site_reason": "needs_drop", "site_verdict": "must_drop"}
[drift:ownership_ledger] {"classification": "agree", "fn_name": "std.crypto::sha384", "ledger_verdict": "must_not_drop", "local": "out", "program_point": ["loop_exit", 1], "raw_state": "moved_out", "site": "scope_drop", "site_reason": "moved", "site_verdict": "must_not_drop"}
[drift:ownership_ledger] {"classification": "agree", "fn_name": "std.crypto::sha384", "ledger_verdict": "must_drop", "local": "state", "program_point": ["loop_exit", 1], "raw_state": "live", "site": "scope_drop", "site_reason": "needs_drop", "site_verdict": "must_drop"}
[drift:ownership_ledger] {"classification": "agree", "fn_name": "std.crypto::hkdf_extract_sha256", "ledger_verdict": "must_drop", "local": "zero_salt", "program_point": ["loop_exit", 3], "raw_state": "live", "site": "scope_drop", "site_reason": "needs_drop", "site_verdict": "must_drop"}
[drift:ownership_ledger] {"classification": "agree", "fn_name": "std.crypto::hkdf_expand_sha256", "ledger_verdict": "must_not_drop", "local": "empty", "program_point": ["if_then1", 8], "raw_state": "moved_out", "site": "scope_drop", "site_reason": "moved", "site_verdict": "must_not_drop"}
[drift:ownership_ledger] {"classification": "agree", "fn_name": "std.crypto::hkdf_expand_sha256", "ledger_verdict": "must_not_drop", "local": "block", "program_point": ["loop_exit3", 6], "raw_state": "moved_out", "site": "scope_drop", "site_reason": "moved", "site_verdict": "must_not_drop"}
[drift:ownership_ledger] {"classification": "agree", "fn_name": "std.crypto::hkdf_expand_sha256", "ledger_verdict": "must_drop", "local": "hmac_input", "program_point": ["loop_exit3", 6], "raw_state": "live", "site": "scope_drop", "site_reason": "needs_drop", "site_verdict": "must_drop"}
[drift:ownership_ledger] {"classification": "agree", "fn_name": "std.crypto::hkdf_expand_sha256", "ledger_verdict": "must_drop", "local": "prev", "program_point": ["loop_exit", 2], "raw_state": "live", "site": "scope_drop", "site_reason": "needs_drop", "site_verdict": "must_drop"}
[drift:ownership_ledger] {"classification": "agree", "fn_name": "std.crypto::hkdf_expand_sha256", "ledger_verdict": "must_not_drop", "local": "okm", "program_point": ["loop_exit", 4], "raw_state": "moved_out", "site": "scope_drop", "site_reason": "moved", "site_verdict": "must_not_drop"}
[drift:ownership_ledger] {"classification": "agree", "fn_name": "std.crypto::hkdf_sha256", "ledger_verdict": "must_drop", "local": "prk", "program_point": ["entry", 9], "raw_state": "live", "site": "scope_drop", "site_reason": "needs_drop", "site_verdict": "must_drop"}
[drift:ownership_ledger] {"classification": "agree", "fn_name": "std.crypto::_chacha20_block", "ledger_verdict": "must_not_drop", "local": "out", "program_point": ["loop_exit3", 1], "raw_state": "moved_out", "site": "scope_drop", "site_reason": "moved", "site_verdict": "must_not_drop"}
[drift:ownership_ledger] {"classification": "agree", "fn_name": "std.crypto::_chacha20_block", "ledger_verdict": "must_drop", "local": "working", "program_point": ["loop_exit3", 1], "raw_state": "live", "site": "scope_drop", "site_reason": "needs_drop", "site_verdict": "must_drop"}
[drift:ownership_ledger] {"classification": "agree", "fn_name": "std.crypto::_chacha20_block", "ledger_verdict": "must_drop", "local": "state", "program_point": ["loop_exit3", 3], "raw_state": "live", "site": "scope_drop", "site_reason": "needs_drop", "site_verdict": "must_drop"}
[drift:ownership_ledger] {"classification": "agree", "fn_name": "std.crypto::_chacha20_encrypt", "ledger_verdict": "must_drop", "local": "block", "program_point": ["loop_exit1", 5], "raw_state": "live", "site": "scope_drop", "site_reason": "needs_drop", "site_verdict": "must_drop"}
[drift:ownership_ledger] {"classification": "agree", "fn_name": "std.crypto::_chacha20_encrypt", "ledger_verdict": "must_not_drop", "local": "out", "program_point": ["loop_exit", 1], "raw_state": "moved_out", "site": "scope_drop", "site_reason": "moved", "site_verdict": "must_not_drop"}
[drift:ownership_ledger] {"classification": "agree", "fn_name": "std.crypto::_poly1305_mac", "ledger_verdict": "must_not_drop", "local": "tag", "program_point": ["array_cap_join215", 8], "raw_state": "moved_out", "site": "scope_drop", "site_reason": "moved", "site_verdict": "must_not_drop"}
[drift:ownership_ledger] {"classification": "agree", "fn_name": "std.crypto::_poly1305_construct_data", "ledger_verdict": "must_not_drop", "local": "mac_data", "program_point": ["loop_exit1", 18], "raw_state": "moved_out", "site": "scope_drop", "site_reason": "moved", "site_verdict": "must_not_drop"}
[drift:ownership_ledger] {"classification": "agree", "fn_name": "std.crypto::chacha20_poly1305_encrypt", "ledger_verdict": "must_not_drop", "local": "out", "program_point": ["loop_exit2", 2], "raw_state": "moved_out", "site": "scope_drop", "site_reason": "moved", "site_verdict": "must_not_drop"}
[drift:ownership_ledger] {"classification": "agree", "fn_name": "std.crypto::chacha20_poly1305_encrypt", "ledger_verdict": "must_drop", "local": "tag", "program_point": ["loop_exit2", 2], "raw_state": "live", "site": "scope_drop", "site_reason": "needs_drop", "site_verdict": "must_drop"}
[drift:ownership_ledger] {"classification": "agree", "fn_name": "std.crypto::chacha20_poly1305_encrypt", "ledger_verdict": "must_drop", "local": "mac_data", "program_point": ["loop_exit2", 4], "raw_state": "live", "site": "scope_drop", "site_reason": "needs_drop", "site_verdict": "must_drop"}
[drift:ownership_ledger] {"classification": "agree", "fn_name": "std.crypto::chacha20_poly1305_encrypt", "ledger_verdict": "must_drop", "local": "ciphertext", "program_point": ["loop_exit2", 6], "raw_state": "live", "site": "scope_drop", "site_reason": "needs_drop", "site_verdict": "must_drop"}
[drift:ownership_ledger] {"classification": "agree", "fn_name": "std.crypto::chacha20_poly1305_encrypt", "ledger_verdict": "must_drop", "local": "poly_key", "program_point": ["loop_exit2", 8], "raw_state": "live", "site": "scope_drop", "site_reason": "needs_drop", "site_verdict": "must_drop"}
[drift:ownership_ledger] {"classification": "agree", "fn_name": "std.crypto::chacha20_poly1305_encrypt", "ledger_verdict": "must_drop", "local": "poly_key_block", "program_point": ["loop_exit2", 10], "raw_state": "live", "site": "scope_drop", "site_reason": "needs_drop", "site_verdict": "must_drop"}
[drift:ownership_ledger] {"classification": "agree", "fn_name": "std.crypto::chacha20_poly1305_decrypt", "ledger_verdict": "must_drop", "local": "computed_tag", "program_point": ["if_then6", 4], "raw_state": "live", "site": "scope_drop", "site_reason": "needs_drop", "site_verdict": "must_drop"}
[drift:ownership_ledger] {"classification": "agree", "fn_name": "std.crypto::chacha20_poly1305_decrypt", "ledger_verdict": "must_drop", "local": "mac_data", "program_point": ["if_then6", 6], "raw_state": "live", "site": "scope_drop", "site_reason": "needs_drop", "site_verdict": "must_drop"}
[drift:ownership_ledger] {"classification": "agree", "fn_name": "std.crypto::chacha20_poly1305_decrypt", "ledger_verdict": "must_drop", "local": "poly_key", "program_point": ["if_then6", 8], "raw_state": "live", "site": "scope_drop", "site_reason": "needs_drop", "site_verdict": "must_drop"}
[drift:ownership_ledger] {"classification": "agree", "fn_name": "std.crypto::chacha20_poly1305_decrypt", "ledger_verdict": "must_drop", "local": "poly_key_block", "program_point": ["if_then6", 10], "raw_state": "live", "site": "scope_drop", "site_reason": "needs_drop", "site_verdict": "must_drop"}
[drift:ownership_ledger] {"classification": "agree", "fn_name": "std.crypto::chacha20_poly1305_decrypt", "ledger_verdict": "must_drop", "local": "received_tag", "program_point": ["if_then6", 12], "raw_state": "live", "site": "scope_drop", "site_reason": "needs_drop", "site_verdict": "must_drop"}
[drift:ownership_ledger] {"classification": "agree", "fn_name": "std.crypto::chacha20_poly1305_decrypt", "ledger_verdict": "must_drop", "local": "ciphertext", "program_point": ["if_then6", 14], "raw_state": "live", "site": "scope_drop", "site_reason": "needs_drop", "site_verdict": "must_drop"}
[drift:ownership_ledger] {"classification": "agree", "fn_name": "std.crypto::chacha20_poly1305_decrypt", "ledger_verdict": "must_not_drop", "local": "plaintext", "program_point": ["if_join6", 8], "raw_state": "moved_out", "site": "scope_drop", "site_reason": "moved", "site_verdict": "must_not_drop"}
[drift:ownership_ledger] {"classification": "agree", "fn_name": "std.crypto::chacha20_poly1305_decrypt", "ledger_verdict": "must_drop", "local": "computed_tag", "program_point": ["if_join6", 8], "raw_state": "live", "site": "scope_drop", "site_reason": "needs_drop", "site_verdict": "must_drop"}
[drift:ownership_ledger] {"classification": "agree", "fn_name": "std.crypto::chacha20_poly1305_decrypt", "ledger_verdict": "must_drop", "local": "mac_data", "program_point": ["if_join6", 10], "raw_state": "live", "site": "scope_drop", "site_reason": "needs_drop", "site_verdict": "must_drop"}
[drift:ownership_ledger] {"classification": "agree", "fn_name": "std.crypto::chacha20_poly1305_decrypt", "ledger_verdict": "must_drop", "local": "poly_key", "program_point": ["if_join6", 12], "raw_state": "live", "site": "scope_drop", "site_reason": "needs_drop", "site_verdict": "must_drop"}
[drift:ownership_ledger] {"classification": "agree", "fn_name": "std.crypto::chacha20_poly1305_decrypt", "ledger_verdict": "must_drop", "local": "poly_key_block", "program_point": ["if_join6", 14], "raw_state": "live", "site": "scope_drop", "site_reason": "needs_drop", "site_verdict": "must_drop"}
[drift:ownership_ledger] {"classification": "agree", "fn_name": "std.crypto::chacha20_poly1305_decrypt", "ledger_verdict": "must_drop", "local": "received_tag", "program_point": ["if_join6", 16], "raw_state": "live", "site": "scope_drop", "site_reason": "needs_drop", "site_verdict": "must_drop"}
[drift:ownership_ledger] {"classification": "agree", "fn_name": "std.crypto::chacha20_poly1305_decrypt", "ledger_verdict": "must_drop", "local": "ciphertext", "program_point": ["if_join6", 18], "raw_state": "live", "site": "scope_drop", "site_reason": "needs_drop", "site_verdict": "must_drop"}
[drift:ownership_ledger] {"classification": "agree", "fn_name": "std.crypto::md5", "ledger_verdict": "must_drop", "local": "m", "program_point": ["loop_exit5", 24], "raw_state": "live", "site": "scope_drop", "site_reason": "needs_drop", "site_verdict": "must_drop"}
[drift:ownership_ledger] {"classification": "agree", "fn_name": "std.crypto::md5", "ledger_verdict": "must_not_drop", "local": "out", "program_point": ["loop_exit3", 16], "raw_state": "moved_out", "site": "scope_drop", "site_reason": "moved", "site_verdict": "must_not_drop"}
[drift:ownership_ledger] {"classification": "agree", "fn_name": "std.crypto::md5", "ledger_verdict": "must_drop", "local": "msg", "program_point": ["loop_exit3", 16], "raw_state": "live", "site": "scope_drop", "site_reason": "needs_drop", "site_verdict": "must_drop"}
[drift:ownership_ledger] {"classification": "agree", "fn_name": "std.crypto::CryptoError::std.core.Throw::throw_self", "ledger_verdict": "must_drop", "local": "self", "program_point": ["entry", 8], "raw_state": "live", "site": "scope_drop", "site_reason": "needs_drop", "site_verdict": "must_drop"}
[drift:ownership_ledger] {"classification": "site_stricter", "fn_name": "std.io::configured_input_read_line", "ledger_verdict": "must_not_drop", "local": "__match_scrut_tmpt27", "program_point": ["match_arm_0", 7], "raw_state": "live", "site": "match_cleanup", "site_reason": "needs_drop", "site_verdict": "must_drop"}
[drift:ownership_ledger] {"classification": "agree", "fn_name": "std.io::configured_input_read_line", "ledger_verdict": "must_drop", "local": "one", "program_point": ["if_then2", 7], "raw_state": "live", "site": "scope_drop", "site_reason": "needs_drop", "site_verdict": "must_drop"}
[drift:ownership_ledger] {"classification": "agree", "fn_name": "std.io::configured_input_read_line", "ledger_verdict": "must_drop", "local": "line", "program_point": ["if_then2", 9], "raw_state": "live", "site": "scope_drop", "site_reason": "needs_drop", "site_verdict": "must_drop"}
[drift:ownership_ledger] {"classification": "agree", "fn_name": "std.io::configured_input_read_line", "ledger_verdict": "must_drop", "local": "one", "program_point": ["if_join2", 3], "raw_state": "live", "site": "scope_drop", "site_reason": "needs_drop", "site_verdict": "must_drop"}
[drift:ownership_ledger] {"classification": "agree", "fn_name": "std.io::configured_input_read_line", "ledger_verdict": "must_drop", "local": "line", "program_point": ["if_join2", 5], "raw_state": "live", "site": "scope_drop", "site_reason": "needs_drop", "site_verdict": "must_drop"}
[drift:ownership_ledger] {"classification": "agree", "fn_name": "std.io::configured_input_read_line", "ledger_verdict": "must_drop", "local": "one", "program_point": ["if_then3", 7], "raw_state": "live", "site": "scope_drop", "site_reason": "needs_drop", "site_verdict": "must_drop"}
[drift:ownership_ledger] {"classification": "agree", "fn_name": "std.io::configured_input_read_line", "ledger_verdict": "must_drop", "local": "line", "program_point": ["if_then3", 9], "raw_state": "live", "site": "scope_drop", "site_reason": "needs_drop", "site_verdict": "must_drop"}
[drift:ownership_ledger] {"classification": "agree", "fn_name": "std.io::configured_input_read_line", "ledger_verdict": "must_drop", "local": "one", "program_point": ["if_then4", 3], "raw_state": "live", "site": "scope_drop", "site_reason": "needs_drop", "site_verdict": "must_drop"}
[drift:ownership_ledger] {"classification": "agree", "fn_name": "std.io::configured_input_read_line", "ledger_verdict": "must_drop", "local": "line", "program_point": ["if_then4", 5], "raw_state": "live", "site": "scope_drop", "site_reason": "needs_drop", "site_verdict": "must_drop"}
[drift:ownership_ledger] {"classification": "site_stricter", "fn_name": "std.io::configured_input_read_line", "ledger_verdict": "must_not_drop", "local": "__match_scrut_tmpt82", "program_point": ["match_arm_1", 7], "raw_state": "live", "site": "match_cleanup", "site_reason": "needs_drop", "site_verdict": "must_drop"}
[drift:ownership_ledger] {"classification": "agree", "fn_name": "std.io::configured_input_read_line", "ledger_verdict": "must_drop", "local": "one", "program_point": ["match_arm_1", 11], "raw_state": "live", "site": "scope_drop", "site_reason": "needs_drop", "site_verdict": "must_drop"}
[drift:ownership_ledger] {"classification": "agree", "fn_name": "std.io::configured_input_read_line", "ledger_verdict": "must_drop", "local": "line", "program_point": ["match_arm_1", 13], "raw_state": "live", "site": "scope_drop", "site_reason": "needs_drop", "site_verdict": "must_drop"}
[drift:ownership_ledger] {"classification": "site_stricter", "fn_name": "std.io::configured_input_read_line", "ledger_verdict": "must_not_drop", "local": "__match_scrut_tmpt93", "program_point": ["match_arm_2", 3], "raw_state": "live", "site": "match_cleanup", "site_reason": "needs_drop", "site_verdict": "must_drop"}
[drift:ownership_ledger] {"classification": "agree", "fn_name": "std.io::configured_input_read_line", "ledger_verdict": "must_drop", "local": "one", "program_point": ["match_arm_2", 9], "raw_state": "live", "site": "scope_drop", "site_reason": "needs_drop", "site_verdict": "must_drop"}
[drift:ownership_ledger] {"classification": "agree", "fn_name": "std.io::configured_input_read_line", "ledger_verdict": "must_drop", "local": "line", "program_point": ["match_arm_2", 11], "raw_state": "live", "site": "scope_drop", "site_reason": "needs_drop", "site_verdict": "must_drop"}
[drift:ownership_ledger] {"classification": "agree", "fn_name": "std.io::Buffer::std.core.Destructible::destroy", "ledger_verdict": "must_drop", "local": "self", "program_point": ["entry", 17], "raw_state": "live", "site": "scope_drop", "site_reason": "needs_drop", "site_verdict": "must_drop"}
[drift:ownership_ledger] {"classification": "agree", "fn_name": "std.io::FileBuilder::build", "ledger_verdict": "must_not_drop", "local": "__match_scrut_tmpt36", "program_point": ["match_arm_0", 8], "raw_state": "live", "site": "match_cleanup", "site_reason": "field_moved", "site_verdict": "must_not_drop"}
[drift:ownership_ledger] {"classification": "site_stricter", "fn_name": "std.io::FileBuilder::build", "ledger_verdict": "must_not_drop", "local": "__match_scrut_tmpt49", "program_point": ["match_arm_1", 7], "raw_state": "live", "site": "match_cleanup", "site_reason": "needs_drop", "site_verdict": "must_drop"}
[drift:ownership_ledger] {"classification": "site_stricter", "fn_name": "std.io::FileBuilder::build", "ledger_verdict": "must_not_drop", "local": "__match_scrut_tmpt58", "program_point": ["match_arm_2", 3], "raw_state": "live", "site": "match_cleanup", "site_reason": "needs_drop", "site_verdict": "must_drop"}
[drift:ownership_ledger] {"classification": "agree", "fn_name": "std.json::new_array", "ledger_verdict": "must_not_drop", "local": "values", "program_point": ["entry", 9], "raw_state": "moved_out", "site": "scope_drop", "site_reason": "moved", "site_verdict": "must_not_drop"}
[drift:ownership_ledger] {"classification": "agree", "fn_name": "std.json::new_object", "ledger_verdict": "must_not_drop", "local": "fields", "program_point": ["entry", 5], "raw_state": "moved_out", "site": "scope_drop", "site_reason": "moved", "site_verdict": "must_not_drop"}
[drift:ownership_ledger] {"classification": "ledger_stricter", "fn_name": "std.json::parse", "ledger_verdict": "must_drop", "local": "__match_scrut_tmpt13", "program_point": ["match_arm_0", 9], "raw_state": "live", "site": "match_cleanup", "site_reason": "field_moved", "site_verdict": "must_not_drop"}
[drift:ownership_ledger] {"classification": "agree", "fn_name": "std.json::parse", "ledger_verdict": "must_not_drop", "local": "__match_binder_1_e", "program_point": ["match_arm_0", 11], "raw_state": "moved_out", "site": "scope_drop", "site_reason": "moved", "site_verdict": "must_not_drop"}
[drift:ownership_ledger] {"classification": "ledger_stricter", "fn_name": "std.json::parse", "ledger_verdict": "must_drop", "local": "__match_scrut_tmpt23", "program_point": ["match_arm_1", 9], "raw_state": "live", "site": "match_cleanup", "site_reason": "field_moved", "site_verdict": "must_not_drop"}
[drift:ownership_ledger] {"classification": "agree", "fn_name": "std.json::parse", "ledger_verdict": "must_drop", "local": "__match_binder_2_v", "program_point": ["if_then", 5], "raw_state": "live", "site": "scope_drop", "site_reason": "needs_drop", "site_verdict": "must_drop"}
[drift:ownership_ledger] {"classification": "agree", "fn_name": "std.json::parse", "ledger_verdict": "must_not_drop", "local": "__match_binder_2_v", "program_point": ["if_join", 2], "raw_state": "moved_out", "site": "scope_drop", "site_reason": "moved", "site_verdict": "must_not_drop"}
[drift:ownership_ledger] {"classification": "site_stricter", "fn_name": "std.json::_get_path_at", "ledger_verdict": "must_not_drop", "local": "__match_scrut_tmpt21", "program_point": ["match_arm_0", 8], "raw_state": "live", "site": "match_cleanup", "site_reason": "needs_drop", "site_verdict": "must_drop"}
[drift:ownership_ledger] {"classification": "site_stricter", "fn_name": "std.json::_get_path_at", "ledger_verdict": "must_not_drop", "local": "__match_scrut_tmpt35", "program_point": ["match_arm_1", 4], "raw_state": "live", "site": "match_cleanup", "site_reason": "needs_drop", "site_verdict": "must_drop"}
[drift:ownership_ledger] {"classification": "agree", "fn_name": "std.json::_split_dotted_path", "ledger_verdict": "must_not_drop", "local": "segments", "program_point": ["if_then", 1], "raw_state": "moved_out", "site": "scope_drop", "site_reason": "moved", "site_verdict": "must_not_drop"}
[drift:ownership_ledger] {"classification": "agree", "fn_name": "std.json::_split_dotted_path", "ledger_verdict": "must_not_drop", "local": "segments", "program_point": ["array_cap_join21", 8], "raw_state": "moved_out", "site": "scope_drop", "site_reason": "moved", "site_verdict": "must_not_drop"}
[drift:ownership_ledger] {"classification": "agree", "fn_name": "std.json::_slice_bytes", "ledger_verdict": "must_drop", "local": "buf", "program_point": ["loop_exit", 4], "raw_state": "live", "site": "scope_drop", "site_reason": "needs_drop", "site_verdict": "must_drop"}
[drift:ownership_ledger] {"classification": "agree", "fn_name": "std.json::_parse_literal", "ledger_verdict": "must_drop", "local": "node", "program_point": ["if_then", 5], "raw_state": "live", "site": "scope_drop", "site_reason": "needs_drop", "site_verdict": "must_drop"}
[drift:ownership_ledger] {"classification": "agree", "fn_name": "std.json::_parse_literal", "ledger_verdict": "must_drop", "local": "node", "program_point": ["if_then2", 7], "raw_state": "live", "site": "scope_drop", "site_reason": "needs_drop", "site_verdict": "must_drop"}
[drift:ownership_ledger] {"classification": "agree", "fn_name": "std.json::_parse_literal", "ledger_verdict": "must_not_drop", "local": "node", "program_point": ["loop_exit", 8], "raw_state": "moved_out", "site": "scope_drop", "site_reason": "moved", "site_verdict": "must_not_drop"}
[drift:ownership_ledger] {"classification": "agree", "fn_name": "std.json::_parse_array", "ledger_verdict": "must_not_drop", "local": "values", "program_point": ["if_then1", 10], "raw_state": "moved_out", "site": "scope_drop", "site_reason": "moved", "site_verdict": "must_not_drop"}
[drift:ownership_ledger] {"classification": "ledger_stricter", "fn_name": "std.json::_parse_array", "ledger_verdict": "must_drop", "local": "__match_scrut_tmpt68", "program_point": ["match_arm_0", 9], "raw_state": "live", "site": "match_cleanup", "site_reason": "field_moved", "site_verdict": "must_not_drop"}
[drift:ownership_ledger] {"classification": "agree", "fn_name": "std.json::_parse_array", "ledger_verdict": "must_not_drop", "local": "__match_binder_4_e", "program_point": ["match_arm_0", 11], "raw_state": "moved_out", "site": "scope_drop", "site_reason": "moved", "site_verdict": "must_not_drop"}
[drift:ownership_ledger] {"classification": "ledger_stricter", "fn_name": "std.json::_parse_array", "ledger_verdict": "must_drop", "local": "values", "program_point": ["match_arm_0", 11], "raw_state": "live", "site": "scope_drop", "site_reason": "moved", "site_verdict": "must_not_drop"}
[drift:ownership_ledger] {"classification": "ledger_stricter", "fn_name": "std.json::_parse_array", "ledger_verdict": "must_drop", "local": "__match_scrut_tmpt78", "program_point": ["match_arm_1", 9], "raw_state": "live", "site": "match_cleanup", "site_reason": "field_moved", "site_verdict": "must_not_drop"}
[drift:ownership_ledger] {"classification": "ledger_stricter", "fn_name": "std.json::_parse_array", "ledger_verdict": "must_drop", "local": "values", "program_point": ["if_then2", 6], "raw_state": "live", "site": "scope_drop", "site_reason": "moved", "site_verdict": "must_not_drop"}
[drift:ownership_ledger] {"classification": "agree", "fn_name": "std.json::_parse_array", "ledger_verdict": "must_not_drop", "local": "values", "program_point": ["if_then4", 10], "raw_state": "moved_out", "site": "scope_drop", "site_reason": "moved", "site_verdict": "must_not_drop"}
[drift:ownership_ledger] {"classification": "ledger_stricter", "fn_name": "std.json::_parse_array", "ledger_verdict": "must_drop", "local": "values", "program_point": ["if_join4", 6], "raw_state": "live", "site": "scope_drop", "site_reason": "moved", "site_verdict": "must_not_drop"}
[drift:ownership_ledger] {"classification": "agree", "fn_name": "std.json::_parse_object_throwing", "ledger_verdict": "must_not_drop", "local": "fields", "program_point": ["if_then1", 10], "raw_state": "moved_out", "site": "scope_drop", "site_reason": "moved", "site_verdict": "must_not_drop"}
[drift:ownership_ledger] {"classification": "ledger_stricter", "fn_name": "std.json::_parse_object_throwing", "ledger_verdict": "must_drop", "local": "__match_scrut_tmpt67", "program_point": ["match_arm_0", 9], "raw_state": "live", "site": "match_cleanup", "site_reason": "field_moved", "site_verdict": "must_not_drop"}
[drift:ownership_ledger] {"classification": "agree", "fn_name": "std.json::_parse_object_throwing", "ledger_verdict": "must_not_drop", "local": "__match_binder_6_e", "program_point": ["match_arm_0", 11], "raw_state": "moved_out", "site": "scope_drop", "site_reason": "moved", "site_verdict": "must_not_drop"}
[drift:ownership_ledger] {"classification": "ledger_stricter", "fn_name": "std.json::_parse_object_throwing", "ledger_verdict": "must_drop", "local": "fields", "program_point": ["match_arm_0", 11], "raw_state": "live", "site": "scope_drop", "site_reason": "moved", "site_verdict": "must_not_drop"}
[drift:ownership_ledger] {"classification": "agree", "fn_name": "std.json::_parse_object_throwing", "ledger_verdict": "must_drop", "local": "__match_scrut_tmpt78", "program_point": ["match_arm_1", 8], "raw_state": "live", "site": "match_cleanup", "site_reason": "needs_drop", "site_verdict": "must_drop"}
[drift:ownership_ledger] {"classification": "ledger_stricter", "fn_name": "std.json::_parse_object_throwing", "ledger_verdict": "must_drop", "local": "fields", "program_point": ["if_then2", 6], "raw_state": "live", "site": "scope_drop", "site_reason": "moved", "site_verdict": "must_not_drop"}
[drift:ownership_ledger] {"classification": "ledger_stricter", "fn_name": "std.json::_parse_object_throwing", "ledger_verdict": "must_drop", "local": "__match_scrut_tmpt126", "program_point": ["match_arm_01", 9], "raw_state": "live", "site": "match_cleanup", "site_reason": "field_moved", "site_verdict": "must_not_drop"}
[drift:ownership_ledger] {"classification": "agree", "fn_name": "std.json::_parse_object_throwing", "ledger_verdict": "must_not_drop", "local": "__match_binder_8_e", "program_point": ["match_arm_01", 11], "raw_state": "moved_out", "site": "scope_drop", "site_reason": "moved", "site_verdict": "must_not_drop"}
[drift:ownership_ledger] {"classification": "ledger_stricter", "fn_name": "std.json::_parse_object_throwing", "ledger_verdict": "must_drop", "local": "fields", "program_point": ["match_arm_01", 11], "raw_state": "live", "site": "scope_drop", "site_reason": "moved", "site_verdict": "must_not_drop"}
[drift:ownership_ledger] {"classification": "ledger_stricter", "fn_name": "std.json::_parse_object_throwing", "ledger_verdict": "must_drop", "local": "__match_scrut_tmpt137", "program_point": ["match_arm_11", 9], "raw_state": "live", "site": "match_cleanup", "site_reason": "field_moved", "site_verdict": "must_not_drop"}
[drift:ownership_ledger] {"classification": "ledger_stricter", "fn_name": "std.json::_parse_object_throwing", "ledger_verdict": "must_drop", "local": "fields", "program_point": ["if_then3", 6], "raw_state": "live", "site": "scope_drop", "site_reason": "moved", "site_verdict": "must_not_drop"}
[drift:ownership_ledger] {"classification": "agree", "fn_name": "std.json::_parse_object_throwing", "ledger_verdict": "must_not_drop", "local": "fields", "program_point": ["if_then5", 10], "raw_state": "moved_out", "site": "scope_drop", "site_reason": "moved", "site_verdict": "must_not_drop"}
[drift:ownership_ledger] {"classification": "ledger_stricter", "fn_name": "std.json::_parse_object_throwing", "ledger_verdict": "must_drop", "local": "fields", "program_point": ["if_join5", 6], "raw_state": "live", "site": "scope_drop", "site_reason": "moved", "site_verdict": "must_not_drop"}
[drift:ownership_ledger] {"classification": "agree", "fn_name": "std.json::_parse_object", "ledger_verdict": "must_not_drop", "local": "__try_errt3", "program_point": ["tryexpr_join", 1], "raw_state": "moved_out", "site": "scope_drop", "site_reason": "moved", "site_verdict": "must_not_drop"}
[drift:ownership_ledger] {"classification": "ledger_stricter", "fn_name": "std.json::_parse_value", "ledger_verdict": "must_drop", "local": "__match_scrut_tmpt56", "program_point": ["match_arm_0", 9], "raw_state": "live", "site": "match_cleanup", "site_reason": "field_moved", "site_verdict": "must_not_drop"}
[drift:ownership_ledger] {"classification": "agree", "fn_name": "std.json::_parse_value", "ledger_verdict": "must_not_drop", "local": "__match_binder_10_e", "program_point": ["match_arm_0", 11], "raw_state": "moved_out", "site": "scope_drop", "site_reason": "moved", "site_verdict": "must_not_drop"}
[drift:ownership_ledger] {"classification": "agree", "fn_name": "std.json::_parse_value", "ledger_verdict": "must_drop", "local": "__match_scrut_tmpt66", "program_point": ["match_arm_1", 8], "raw_state": "live", "site": "match_cleanup", "site_reason": "needs_drop", "site_verdict": "must_drop"}
[drift:ownership_ledger] {"classification": "agree", "fn_name": "std.json::_encode_object_unordered_throwing", "ledger_verdict": "must_not_drop", "local": "__match_scrut_tmpt13", "program_point": ["match_arm_0", 9], "raw_state": "live", "site": "match_cleanup", "site_reason": "field_moved", "site_verdict": "must_not_drop"}
[drift:ownership_ledger] {"classification": "site_stricter", "fn_name": "std.json::_encode_object_unordered_throwing", "ledger_verdict": "must_not_drop", "local": "__match_scrut_tmpt42", "program_point": ["match_arm_1", 4], "raw_state": "live", "site": "match_cleanup", "site_reason": "needs_drop", "site_verdict": "must_drop"}
[drift:ownership_ledger] {"classification": "agree", "fn_name": "std.json::_encode_object_ordered_throwing", "ledger_verdict": "must_not_drop", "local": "__match_scrut_tmpt22", "program_point": ["match_arm_0", 9], "raw_state": "live", "site": "match_cleanup", "site_reason": "field_moved", "site_verdict": "must_not_drop"}
[drift:ownership_ledger] {"classification": "site_stricter", "fn_name": "std.json::_encode_object_ordered_throwing", "ledger_verdict": "must_not_drop", "local": "__match_scrut_tmpt55", "program_point": ["match_arm_1", 4], "raw_state": "live", "site": "match_cleanup", "site_reason": "needs_drop", "site_verdict": "must_drop"}
[drift:ownership_ledger] {"classification": "site_stricter", "fn_name": "std.json::_encode_object_ordered_throwing", "ledger_verdict": "must_not_drop", "local": "__match_scrut_tmpt78", "program_point": ["match_arm_01", 8], "raw_state": "live", "site": "match_cleanup", "site_reason": "needs_drop", "site_verdict": "must_drop"}
[drift:ownership_ledger] {"classification": "site_stricter", "fn_name": "std.json::_encode_object_ordered_throwing", "ledger_verdict": "must_not_drop", "local": "__match_scrut_tmpt98", "program_point": ["match_arm_11", 4], "raw_state": "live", "site": "match_cleanup", "site_reason": "needs_drop", "site_verdict": "must_drop"}
[drift:ownership_ledger] {"classification": "agree", "fn_name": "std.json::_encode_object", "ledger_verdict": "must_not_drop", "local": "__try_errt3", "program_point": ["tryexpr_join", 1], "raw_state": "moved_out", "site": "scope_drop", "site_reason": "moved", "site_verdict": "must_not_drop"}
[drift:ownership_ledger] {"classification": "agree", "fn_name": "std.json::_encode_node#1", "ledger_verdict": "must_drop", "local": "node", "program_point": ["entry", 4], "raw_state": "live", "site": "scope_drop", "site_reason": "needs_drop", "site_verdict": "must_drop"}
[drift:ownership_ledger] {"classification": "agree", "fn_name": "std.json::share", "ledger_verdict": "must_not_drop", "local": "node", "program_point": ["entry", 4], "raw_state": "moved_out", "site": "scope_drop", "site_reason": "moved", "site_verdict": "must_not_drop"}
[drift:ownership_ledger] {"classification": "agree", "fn_name": "std.json::_clone_deep_impl", "ledger_verdict": "must_not_drop", "local": "c", "program_point": ["array_cap_join2", 11], "raw_state": "moved_out", "site": "scope_drop", "site_reason": "moved", "site_verdict": "must_not_drop"}
[drift:ownership_ledger] {"classification": "agree", "fn_name": "std.json::_clone_deep_impl", "ledger_verdict": "must_not_drop", "local": "out", "program_point": ["loop_exit", 2], "raw_state": "moved_out", "site": "scope_drop", "site_reason": "moved", "site_verdict": "must_not_drop"}
[drift:ownership_ledger] {"classification": "agree", "fn_name": "std.json::_clone_deep_impl", "ledger_verdict": "must_not_drop", "local": "__match_scrut_tmpt104", "program_point": ["match_arm_01", 9], "raw_state": "live", "site": "match_cleanup", "site_reason": "field_moved", "site_verdict": "must_not_drop"}
[drift:ownership_ledger] {"classification": "agree", "fn_name": "std.json::_clone_deep_impl", "ledger_verdict": "must_not_drop", "local": "v", "program_point": ["match_arm_01", 25], "raw_state": "moved_out", "site": "scope_drop", "site_reason": "moved", "site_verdict": "must_not_drop"}
[drift:ownership_ledger] {"classification": "site_stricter", "fn_name": "std.json::_clone_deep_impl", "ledger_verdict": "must_not_drop", "local": "__match_scrut_tmpt125", "program_point": ["match_arm_11", 4], "raw_state": "live", "site": "match_cleanup", "site_reason": "needs_drop", "site_verdict": "must_drop"}
[drift:ownership_ledger] {"classification": "agree", "fn_name": "std.json::_clone_deep_impl", "ledger_verdict": "must_not_drop", "local": "out__b162", "program_point": ["loop_exit1", 2], "raw_state": "moved_out", "site": "scope_drop", "site_reason": "moved", "site_verdict": "must_not_drop"}
[drift:ownership_ledger] {"classification": "agree", "fn_name": "std.json::JsonErrorData::std.core.Throw::throw_self", "ledger_verdict": "must_drop", "local": "self", "program_point": ["entry", 33], "raw_state": "live", "site": "scope_drop", "site_reason": "needs_drop", "site_verdict": "must_drop"}
[drift:ownership_ledger] {"classification": "agree", "fn_name": "std.json::JsonNode::get", "ledger_verdict": "must_not_drop", "local": "__try_errt8", "program_point": ["tryexpr_join", 1], "raw_state": "tombstoned", "site": "scope_drop", "site_reason": "moved", "site_verdict": "must_not_drop"}
[drift:ownership_ledger] {"classification": "agree", "fn_name": "std.json::JsonNode::get_path#1", "ledger_verdict": "must_drop", "local": "segments", "program_point": ["entry", 8], "raw_state": "live", "site": "scope_drop", "site_reason": "needs_drop", "site_verdict": "must_drop"}
[drift:ownership_ledger] {"classification": "site_stricter", "fn_name": "std.json::JsonNode::get_string_at_path", "ledger_verdict": "must_not_drop", "local": "__match_scrut_tmpt10", "program_point": ["match_arm_0", 8], "raw_state": "live", "site": "match_cleanup", "site_reason": "needs_drop", "site_verdict": "must_drop"}
[drift:ownership_ledger] {"classification": "site_stricter", "fn_name": "std.json::JsonNode::get_string_at_path", "ledger_verdict": "must_not_drop", "local": "__match_scrut_tmpt20", "program_point": ["match_arm_1", 4], "raw_state": "live", "site": "match_cleanup", "site_reason": "needs_drop", "site_verdict": "must_drop"}
[drift:ownership_ledger] {"classification": "site_stricter", "fn_name": "std.json::JsonNode::get_int_at_path", "ledger_verdict": "must_not_drop", "local": "__match_scrut_tmpt10", "program_point": ["match_arm_0", 8], "raw_state": "live", "site": "match_cleanup", "site_reason": "needs_drop", "site_verdict": "must_drop"}
[drift:ownership_ledger] {"classification": "site_stricter", "fn_name": "std.json::JsonNode::get_int_at_path", "ledger_verdict": "must_not_drop", "local": "__match_scrut_tmpt20", "program_point": ["match_arm_1", 4], "raw_state": "live", "site": "match_cleanup", "site_reason": "needs_drop", "site_verdict": "must_drop"}
[drift:ownership_ledger] {"classification": "site_stricter", "fn_name": "std.json::JsonNode::get_bool_at_path", "ledger_verdict": "must_not_drop", "local": "__match_scrut_tmpt10", "program_point": ["match_arm_0", 8], "raw_state": "live", "site": "match_cleanup", "site_reason": "needs_drop", "site_verdict": "must_drop"}
[drift:ownership_ledger] {"classification": "site_stricter", "fn_name": "std.json::JsonNode::get_bool_at_path", "ledger_verdict": "must_not_drop", "local": "__match_scrut_tmpt20", "program_point": ["match_arm_1", 4], "raw_state": "live", "site": "match_cleanup", "site_reason": "needs_drop", "site_verdict": "must_drop"}
[drift:ownership_ledger] {"classification": "site_stricter", "fn_name": "std.json::JsonNode::get_float_at_path", "ledger_verdict": "must_not_drop", "local": "__match_scrut_tmpt10", "program_point": ["match_arm_0", 8], "raw_state": "live", "site": "match_cleanup", "site_reason": "needs_drop", "site_verdict": "must_drop"}
[drift:ownership_ledger] {"classification": "site_stricter", "fn_name": "std.json::JsonNode::get_float_at_path", "ledger_verdict": "must_not_drop", "local": "__match_scrut_tmpt20", "program_point": ["match_arm_1", 4], "raw_state": "live", "site": "match_cleanup", "site_reason": "needs_drop", "site_verdict": "must_drop"}
[drift:ownership_ledger] {"classification": "agree", "fn_name": "std.json::JsonNode::expect_int", "ledger_verdict": "must_drop", "local": "__match_scrut_tmpt14", "program_point": ["match_arm_01", 8], "raw_state": "live", "site": "match_cleanup", "site_reason": "needs_drop", "site_verdict": "must_drop"}
[drift:ownership_ledger] {"classification": "agree", "fn_name": "std.json::JsonNode::expect_int", "ledger_verdict": "must_drop", "local": "__match_scrut_tmpt24", "program_point": ["match_arm_11", 4], "raw_state": "live", "site": "match_cleanup", "site_reason": "needs_drop", "site_verdict": "must_drop"}
[drift:ownership_ledger] {"classification": "agree", "fn_name": "std.json::JsonNode::expect_float", "ledger_verdict": "must_drop", "local": "__match_scrut_tmpt14", "program_point": ["match_arm_01", 8], "raw_state": "live", "site": "match_cleanup", "site_reason": "needs_drop", "site_verdict": "must_drop"}
[drift:ownership_ledger] {"classification": "agree", "fn_name": "std.json::JsonNode::expect_float", "ledger_verdict": "must_drop", "local": "__match_scrut_tmpt24", "program_point": ["match_arm_11", 4], "raw_state": "live", "site": "match_cleanup", "site_reason": "needs_drop", "site_verdict": "must_drop"}
[drift:ownership_ledger] {"classification": "site_stricter", "fn_name": "std.json::JsonNode::expect_array", "ledger_verdict": "must_not_drop", "local": "__match_scrut_tmpt7", "program_point": ["match_arm_0", 8], "raw_state": "live", "site": "match_cleanup", "site_reason": "needs_drop", "site_verdict": "must_drop"}
[drift:ownership_ledger] {"classification": "site_stricter", "fn_name": "std.json::JsonNode::expect_array", "ledger_verdict": "must_not_drop", "local": "__match_scrut_tmpt17", "program_point": ["match_arm_1", 4], "raw_state": "live", "site": "match_cleanup", "site_reason": "needs_drop", "site_verdict": "must_drop"}
[drift:ownership_ledger] {"classification": "site_stricter", "fn_name": "std.json::JsonNode::expect_object", "ledger_verdict": "must_not_drop", "local": "__match_scrut_tmpt7", "program_point": ["match_arm_0", 8], "raw_state": "live", "site": "match_cleanup", "site_reason": "needs_drop", "site_verdict": "must_drop"}
[drift:ownership_ledger] {"classification": "site_stricter", "fn_name": "std.json::JsonNode::expect_object", "ledger_verdict": "must_not_drop", "local": "__match_scrut_tmpt17", "program_point": ["match_arm_1", 4], "raw_state": "live", "site": "match_cleanup", "site_reason": "needs_drop", "site_verdict": "must_drop"}
[drift:ownership_ledger] {"classification": "site_stricter", "fn_name": "std.json::JsonNode::expect_path", "ledger_verdict": "must_not_drop", "local": "__match_scrut_tmpt8", "program_point": ["match_arm_0", 8], "raw_state": "live", "site": "match_cleanup", "site_reason": "needs_drop", "site_verdict": "must_drop"}
[drift:ownership_ledger] {"classification": "site_stricter", "fn_name": "std.json::JsonNode::expect_path", "ledger_verdict": "must_not_drop", "local": "__match_scrut_tmpt18", "program_point": ["match_arm_1", 4], "raw_state": "live", "site": "match_cleanup", "site_reason": "needs_drop", "site_verdict": "must_drop"}
[drift:ownership_ledger] {"classification": "ledger_stricter", "fn_name": "std.json::JsonNode::into_array", "ledger_verdict": "must_drop", "local": "__match_scrut_tmpt6", "program_point": ["match_arm_0", 8], "raw_state": "live", "site": "match_cleanup", "site_reason": "field_moved", "site_verdict": "must_not_drop"}
[drift:ownership_ledger] {"classification": "agree", "fn_name": "std.json::JsonNode::into_array", "ledger_verdict": "must_not_drop", "local": "__match_binder_52_values", "program_point": ["match_arm_0", 11], "raw_state": "moved_out", "site": "scope_drop", "site_reason": "moved", "site_verdict": "must_not_drop"}
[drift:ownership_ledger] {"classification": "agree", "fn_name": "std.json::JsonNode::into_array", "ledger_verdict": "must_not_drop", "local": "self", "program_point": ["match_arm_0", 11], "raw_state": "moved_out", "site": "scope_drop", "site_reason": "moved", "site_verdict": "must_not_drop"}
[drift:ownership_ledger] {"classification": "agree", "fn_name": "std.json::JsonNode::into_array", "ledger_verdict": "must_drop", "local": "__match_scrut_tmpt16", "program_point": ["match_arm_1", 3], "raw_state": "live", "site": "match_cleanup", "site_reason": "needs_drop", "site_verdict": "must_drop"}
[drift:ownership_ledger] {"classification": "agree", "fn_name": "std.json::JsonNode::into_array", "ledger_verdict": "must_not_drop", "local": "self", "program_point": ["match_arm_1", 6], "raw_state": "moved_out", "site": "scope_drop", "site_reason": "moved", "site_verdict": "must_not_drop"}
[drift:ownership_ledger] {"classification": "ledger_stricter", "fn_name": "std.json::JsonNode::into_object", "ledger_verdict": "must_drop", "local": "__match_scrut_tmpt6", "program_point": ["match_arm_0", 8], "raw_state": "live", "site": "match_cleanup", "site_reason": "field_moved", "site_verdict": "must_not_drop"}
[drift:ownership_ledger] {"classification": "agree", "fn_name": "std.json::JsonNode::into_object", "ledger_verdict": "must_not_drop", "local": "__match_binder_53_fields", "program_point": ["match_arm_0", 11], "raw_state": "moved_out", "site": "scope_drop", "site_reason": "moved", "site_verdict": "must_not_drop"}
[drift:ownership_ledger] {"classification": "agree", "fn_name": "std.json::JsonNode::into_object", "ledger_verdict": "must_not_drop", "local": "self", "program_point": ["match_arm_0", 11], "raw_state": "moved_out", "site": "scope_drop", "site_reason": "moved", "site_verdict": "must_not_drop"}
[drift:ownership_ledger] {"classification": "agree", "fn_name": "std.json::JsonNode::into_object", "ledger_verdict": "must_drop", "local": "__match_scrut_tmpt16", "program_point": ["match_arm_1", 3], "raw_state": "live", "site": "match_cleanup", "site_reason": "needs_drop", "site_verdict": "must_drop"}
[drift:ownership_ledger] {"classification": "agree", "fn_name": "std.json::JsonNode::into_object", "ledger_verdict": "must_not_drop", "local": "self", "program_point": ["match_arm_1", 6], "raw_state": "moved_out", "site": "scope_drop", "site_reason": "moved", "site_verdict": "must_not_drop"}
[drift:ownership_ledger] {"classification": "site_stricter", "fn_name": "std.json::JsonCursor::field", "ledger_verdict": "must_not_drop", "local": "__match_scrut_tmpt11", "program_point": ["match_arm_0", 8], "raw_state": "live", "site": "match_cleanup", "site_reason": "needs_drop", "site_verdict": "must_drop"}
[drift:ownership_ledger] {"classification": "site_stricter", "fn_name": "std.json::JsonCursor::field", "ledger_verdict": "must_not_drop", "local": "__match_scrut_tmpt28", "program_point": ["match_arm_01", 8], "raw_state": "live", "site": "match_cleanup", "site_reason": "needs_drop", "site_verdict": "must_drop"}
[drift:ownership_ledger] {"classification": "site_stricter", "fn_name": "std.json::JsonCursor::field", "ledger_verdict": "must_not_drop", "local": "__match_scrut_tmpt39", "program_point": ["match_arm_11", 4], "raw_state": "live", "site": "match_cleanup", "site_reason": "needs_drop", "site_verdict": "must_drop"}
[drift:ownership_ledger] {"classification": "site_stricter", "fn_name": "std.json::JsonCursor::field", "ledger_verdict": "must_not_drop", "local": "__match_scrut_tmpt46", "program_point": ["match_arm_1", 4], "raw_state": "live", "site": "match_cleanup", "site_reason": "needs_drop", "site_verdict": "must_drop"}
[drift:ownership_ledger] {"classification": "site_stricter", "fn_name": "std.json::JsonCursor::exists", "ledger_verdict": "must_not_drop", "local": "__match_scrut_tmpt11", "program_point": ["match_arm_0", 8], "raw_state": "live", "site": "match_cleanup", "site_reason": "needs_drop", "site_verdict": "must_drop"}
[drift:ownership_ledger] {"classification": "site_stricter", "fn_name": "std.json::JsonCursor::exists", "ledger_verdict": "must_not_drop", "local": "__match_scrut_tmpt20", "program_point": ["match_arm_1", 4], "raw_state": "live", "site": "match_cleanup", "site_reason": "needs_drop", "site_verdict": "must_drop"}
[drift:ownership_ledger] {"classification": "site_stricter", "fn_name": "std.json::JsonCursor::as_string", "ledger_verdict": "must_not_drop", "local": "__match_scrut_tmpt11", "program_point": ["match_arm_0", 8], "raw_state": "live", "site": "match_cleanup", "site_reason": "needs_drop", "site_verdict": "must_drop"}
[drift:ownership_ledger] {"classification": "site_stricter", "fn_name": "std.json::JsonCursor::as_string", "ledger_verdict": "must_not_drop", "local": "__match_scrut_tmpt21", "program_point": ["match_arm_1", 4], "raw_state": "live", "site": "match_cleanup", "site_reason": "needs_drop", "site_verdict": "must_drop"}
[drift:ownership_ledger] {"classification": "agree", "fn_name": "std.json::JsonCursor::as_string_or", "ledger_verdict": "must_drop", "local": "__match_scrut_tmpt9", "program_point": ["match_arm_0", 8], "raw_state": "live", "site": "match_cleanup", "site_reason": "needs_drop", "site_verdict": "must_drop"}
[drift:ownership_ledger] {"classification": "agree", "fn_name": "std.json::JsonCursor::as_string_or", "ledger_verdict": "must_drop", "local": "__match_scrut_tmpt18", "program_point": ["match_arm_1", 4], "raw_state": "live", "site": "match_cleanup", "site_reason": "needs_drop", "site_verdict": "must_drop"}
[drift:ownership_ledger] {"classification": "site_stricter", "fn_name": "std.json::JsonCursor::as_int", "ledger_verdict": "must_not_drop", "local": "__match_scrut_tmpt11", "program_point": ["match_arm_0", 8], "raw_state": "live", "site": "match_cleanup", "site_reason": "needs_drop", "site_verdict": "must_drop"}
[drift:ownership_ledger] {"classification": "site_stricter", "fn_name": "std.json::JsonCursor::as_int", "ledger_verdict": "must_not_drop", "local": "__match_scrut_tmpt21", "program_point": ["match_arm_1", 4], "raw_state": "live", "site": "match_cleanup", "site_reason": "needs_drop", "site_verdict": "must_drop"}
[drift:ownership_ledger] {"classification": "site_stricter", "fn_name": "std.json::JsonCursor::as_int_or", "ledger_verdict": "must_not_drop", "local": "__match_scrut_tmpt9", "program_point": ["match_arm_0", 8], "raw_state": "live", "site": "match_cleanup", "site_reason": "needs_drop", "site_verdict": "must_drop"}
[drift:ownership_ledger] {"classification": "site_stricter", "fn_name": "std.json::JsonCursor::as_int_or", "ledger_verdict": "must_not_drop", "local": "__match_scrut_tmpt18", "program_point": ["match_arm_1", 4], "raw_state": "live", "site": "match_cleanup", "site_reason": "needs_drop", "site_verdict": "must_drop"}
[drift:ownership_ledger] {"classification": "site_stricter", "fn_name": "std.json::JsonCursor::as_bool", "ledger_verdict": "must_not_drop", "local": "__match_scrut_tmpt11", "program_point": ["match_arm_0", 8], "raw_state": "live", "site": "match_cleanup", "site_reason": "needs_drop", "site_verdict": "must_drop"}
[drift:ownership_ledger] {"classification": "site_stricter", "fn_name": "std.json::JsonCursor::as_bool", "ledger_verdict": "must_not_drop", "local": "__match_scrut_tmpt21", "program_point": ["match_arm_1", 4], "raw_state": "live", "site": "match_cleanup", "site_reason": "needs_drop", "site_verdict": "must_drop"}
[drift:ownership_ledger] {"classification": "site_stricter", "fn_name": "std.json::JsonCursor::as_bool_or", "ledger_verdict": "must_not_drop", "local": "__match_scrut_tmpt9", "program_point": ["match_arm_0", 8], "raw_state": "live", "site": "match_cleanup", "site_reason": "needs_drop", "site_verdict": "must_drop"}
[drift:ownership_ledger] {"classification": "site_stricter", "fn_name": "std.json::JsonCursor::as_bool_or", "ledger_verdict": "must_not_drop", "local": "__match_scrut_tmpt18", "program_point": ["match_arm_1", 4], "raw_state": "live", "site": "match_cleanup", "site_reason": "needs_drop", "site_verdict": "must_drop"}
[drift:ownership_ledger] {"classification": "site_stricter", "fn_name": "std.json::JsonCursor::as_float", "ledger_verdict": "must_not_drop", "local": "__match_scrut_tmpt11", "program_point": ["match_arm_0", 8], "raw_state": "live", "site": "match_cleanup", "site_reason": "needs_drop", "site_verdict": "must_drop"}
[drift:ownership_ledger] {"classification": "site_stricter", "fn_name": "std.json::JsonCursor::as_float", "ledger_verdict": "must_not_drop", "local": "__match_scrut_tmpt21", "program_point": ["match_arm_1", 4], "raw_state": "live", "site": "match_cleanup", "site_reason": "needs_drop", "site_verdict": "must_drop"}
[drift:ownership_ledger] {"classification": "site_stricter", "fn_name": "std.json::JsonCursor::as_float_or", "ledger_verdict": "must_not_drop", "local": "__match_scrut_tmpt9", "program_point": ["match_arm_0", 8], "raw_state": "live", "site": "match_cleanup", "site_reason": "needs_drop", "site_verdict": "must_drop"}
[drift:ownership_ledger] {"classification": "site_stricter", "fn_name": "std.json::JsonCursor::as_float_or", "ledger_verdict": "must_not_drop", "local": "__match_scrut_tmpt18", "program_point": ["match_arm_1", 4], "raw_state": "live", "site": "match_cleanup", "site_reason": "needs_drop", "site_verdict": "must_drop"}
[drift:ownership_ledger] {"classification": "site_stricter", "fn_name": "std.json::StrictJsonCursor::field", "ledger_verdict": "must_not_drop", "local": "__match_scrut_tmpt11", "program_point": ["match_arm_0", 8], "raw_state": "live", "site": "match_cleanup", "site_reason": "needs_drop", "site_verdict": "must_drop"}
[drift:ownership_ledger] {"classification": "site_stricter", "fn_name": "std.json::StrictJsonCursor::field", "ledger_verdict": "must_not_drop", "local": "__match_scrut_tmpt32", "program_point": ["match_arm_01", 8], "raw_state": "live", "site": "match_cleanup", "site_reason": "needs_drop", "site_verdict": "must_drop"}
[drift:ownership_ledger] {"classification": "site_stricter", "fn_name": "std.json::StrictJsonCursor::field", "ledger_verdict": "must_not_drop", "local": "__match_scrut_tmpt53", "program_point": ["match_arm_11", 4], "raw_state": "live", "site": "match_cleanup", "site_reason": "needs_drop", "site_verdict": "must_drop"}
[drift:ownership_ledger] {"classification": "site_stricter", "fn_name": "std.json::StrictJsonCursor::field", "ledger_verdict": "must_not_drop", "local": "__match_scrut_tmpt79", "program_point": ["match_arm_1", 4], "raw_state": "live", "site": "match_cleanup", "site_reason": "needs_drop", "site_verdict": "must_drop"}
[drift:ownership_ledger] {"classification": "agree", "fn_name": "std.json::StrictJsonCursor::string", "ledger_verdict": "must_drop", "local": "__match_scrut_tmpt11", "program_point": ["match_arm_0", 8], "raw_state": "live", "site": "match_cleanup", "site_reason": "needs_drop", "site_verdict": "must_drop"}
[drift:ownership_ledger] {"classification": "agree", "fn_name": "std.json::StrictJsonCursor::string", "ledger_verdict": "must_drop", "local": "__match_scrut_tmpt21", "program_point": ["match_arm_1", 4], "raw_state": "live", "site": "match_cleanup", "site_reason": "needs_drop", "site_verdict": "must_drop"}
[drift:ownership_ledger] {"classification": "site_stricter", "fn_name": "std.json::StrictJsonCursor::int", "ledger_verdict": "must_not_drop", "local": "__match_scrut_tmpt11", "program_point": ["match_arm_0", 8], "raw_state": "live", "site": "match_cleanup", "site_reason": "needs_drop", "site_verdict": "must_drop"}
[drift:ownership_ledger] {"classification": "site_stricter", "fn_name": "std.json::StrictJsonCursor::int", "ledger_verdict": "must_not_drop", "local": "__match_scrut_tmpt21", "program_point": ["match_arm_1", 4], "raw_state": "live", "site": "match_cleanup", "site_reason": "needs_drop", "site_verdict": "must_drop"}
[drift:ownership_ledger] {"classification": "site_stricter", "fn_name": "std.json::StrictJsonCursor::bool", "ledger_verdict": "must_not_drop", "local": "__match_scrut_tmpt11", "program_point": ["match_arm_0", 8], "raw_state": "live", "site": "match_cleanup", "site_reason": "needs_drop", "site_verdict": "must_drop"}
[drift:ownership_ledger] {"classification": "site_stricter", "fn_name": "std.json::StrictJsonCursor::bool", "ledger_verdict": "must_not_drop", "local": "__match_scrut_tmpt21", "program_point": ["match_arm_1", 4], "raw_state": "live", "site": "match_cleanup", "site_reason": "needs_drop", "site_verdict": "must_drop"}
[drift:ownership_ledger] {"classification": "site_stricter", "fn_name": "std.json::StrictJsonCursor::float", "ledger_verdict": "must_not_drop", "local": "__match_scrut_tmpt11", "program_point": ["match_arm_0", 8], "raw_state": "live", "site": "match_cleanup", "site_reason": "needs_drop", "site_verdict": "must_drop"}
[drift:ownership_ledger] {"classification": "site_stricter", "fn_name": "std.json::StrictJsonCursor::float", "ledger_verdict": "must_not_drop", "local": "__match_scrut_tmpt21", "program_point": ["match_arm_1", 4], "raw_state": "live", "site": "match_cleanup", "site_reason": "needs_drop", "site_verdict": "must_drop"}
[drift:ownership_ledger] {"classification": "agree", "fn_name": "std.json::JsonArray::push", "ledger_verdict": "must_not_drop", "local": "value", "program_point": ["array_cap_join2", 7], "raw_state": "moved_out", "site": "scope_drop", "site_reason": "moved", "site_verdict": "must_not_drop"}
[drift:ownership_ledger] {"classification": "agree", "fn_name": "std.json::JsonArray::to_node", "ledger_verdict": "must_not_drop", "local": "values", "program_point": ["entry", 15], "raw_state": "moved_out", "site": "scope_drop", "site_reason": "moved", "site_verdict": "must_not_drop"}
[drift:ownership_ledger] {"classification": "agree", "fn_name": "std.json::JsonArray::to_node", "ledger_verdict": "must_not_drop", "local": "empty", "program_point": ["entry", 15], "raw_state": "moved_out", "site": "scope_drop", "site_reason": "moved", "site_verdict": "must_not_drop"}
[drift:ownership_ledger] {"classification": "agree", "fn_name": "std.json::JsonArray::to_node", "ledger_verdict": "must_drop", "local": "self", "program_point": ["entry", 15], "raw_state": "live", "site": "scope_drop", "site_reason": "needs_drop", "site_verdict": "must_drop"}
[drift:ownership_ledger] {"classification": "agree", "fn_name": "std.json::JsonObject::set", "ledger_verdict": "must_not_drop", "local": "value", "program_point": ["entry", 14], "raw_state": "moved_out", "site": "scope_drop", "site_reason": "moved", "site_verdict": "must_not_drop"}
[drift:ownership_ledger] {"classification": "agree", "fn_name": "std.json::JsonObject::get", "ledger_verdict": "must_not_drop", "local": "__try_errt3", "program_point": ["tryexpr_join", 1], "raw_state": "tombstoned", "site": "scope_drop", "site_reason": "moved", "site_verdict": "must_not_drop"}
[drift:ownership_ledger] {"classification": "agree", "fn_name": "std.json::JsonObject::to_node", "ledger_verdict": "must_not_drop", "local": "fields", "program_point": ["entry", 11], "raw_state": "moved_out", "site": "scope_drop", "site_reason": "moved", "site_verdict": "must_not_drop"}
[drift:ownership_ledger] {"classification": "agree", "fn_name": "std.json::JsonObject::to_node", "ledger_verdict": "must_not_drop", "local": "empty", "program_point": ["entry", 11], "raw_state": "moved_out", "site": "scope_drop", "site_reason": "moved", "site_verdict": "must_not_drop"}
[drift:ownership_ledger] {"classification": "agree", "fn_name": "std.json::JsonObject::to_node", "ledger_verdict": "must_drop", "local": "self", "program_point": ["entry", 11], "raw_state": "live", "site": "scope_drop", "site_reason": "needs_drop", "site_verdict": "must_drop"}
[drift:ownership_ledger] {"classification": "agree", "fn_name": "std.log::log_context", "ledger_verdict": "must_not_drop", "local": "attrs", "program_point": ["entry", 5], "raw_state": "moved_out", "site": "scope_drop", "site_reason": "moved", "site_verdict": "must_not_drop"}
[drift:ownership_ledger] {"classification": "agree", "fn_name": "std.log::create_logger", "ledger_verdict": "must_not_drop", "local": "st", "program_point": ["entry", 20], "raw_state": "moved_out", "site": "scope_drop", "site_reason": "moved", "site_verdict": "must_not_drop"}
[drift:ownership_ledger] {"classification": "agree", "fn_name": "std.log::create_logger", "ledger_verdict": "must_drop", "local": "config", "program_point": ["entry", 20], "raw_state": "live", "site": "scope_drop", "site_reason": "needs_drop", "site_verdict": "must_drop"}
[drift:ownership_ledger] {"classification": "site_stricter", "fn_name": "std.log::_resolve_stderr_cap", "ledger_verdict": "must_not_drop", "local": "__match_scrut_tmpt9", "program_point": ["match_arm_0", 8], "raw_state": "live", "site": "match_cleanup", "site_reason": "needs_drop", "site_verdict": "must_drop"}
[drift:ownership_ledger] {"classification": "site_stricter", "fn_name": "std.log::_resolve_stderr_cap", "ledger_verdict": "must_not_drop", "local": "__match_scrut_tmpt20", "program_point": ["match_arm_1", 4], "raw_state": "live", "site": "match_cleanup", "site_reason": "needs_drop", "site_verdict": "must_drop"}
[drift:ownership_ledger] {"classification": "agree", "fn_name": "std.log::_alloc_runtime_state", "ledger_verdict": "must_not_drop", "local": "st", "program_point": ["entry", 15], "raw_state": "moved_out", "site": "scope_drop", "site_reason": "moved", "site_verdict": "must_not_drop"}
[drift:ownership_ledger] {"classification": "agree", "fn_name": "std.log::_alloc_envelope", "ledger_verdict": "must_not_drop", "local": "env", "program_point": ["entry", 25], "raw_state": "moved_out", "site": "scope_drop", "site_reason": "moved", "site_verdict": "must_not_drop"}
[drift:ownership_ledger] {"classification": "agree", "fn_name": "std.log::_drop_envelope_handle", "ledger_verdict": "must_not_drop", "local": "env", "program_point": ["if_join", 16], "raw_state": "moved_out", "site": "scope_drop", "site_reason": "moved", "site_verdict": "must_not_drop"}
[drift:ownership_ledger] {"classification": "agree", "fn_name": "std.log::_emit_envelope_handle", "ledger_verdict": "must_not_drop", "local": "env", "program_point": ["if_join", 56], "raw_state": "moved_out", "site": "scope_drop", "site_reason": "moved", "site_verdict": "must_not_drop"}
[drift:ownership_ledger] {"classification": "site_stricter", "fn_name": "std.log::_sink_write_line", "ledger_verdict": "must_not_drop", "local": "__match_scrut_tmpt11", "program_point": ["match_arm_0", 8], "raw_state": "live", "site": "match_cleanup", "site_reason": "needs_drop", "site_verdict": "must_drop"}
[drift:ownership_ledger] {"classification": "site_stricter", "fn_name": "std.log::_sink_write_line", "ledger_verdict": "must_not_drop", "local": "__match_scrut_tmpt22", "program_point": ["match_arm_1", 4], "raw_state": "live", "site": "match_cleanup", "site_reason": "needs_drop", "site_verdict": "must_drop"}
[drift:ownership_ledger] {"classification": "site_stricter", "fn_name": "std.log::_drain_locked", "ledger_verdict": "must_not_drop", "local": "__match_scrut_tmpt14", "program_point": ["match_arm_0", 8], "raw_state": "live", "site": "match_cleanup", "site_reason": "needs_drop", "site_verdict": "must_drop"}
[drift:ownership_ledger] {"classification": "site_stricter", "fn_name": "std.log::_drain_locked", "ledger_verdict": "must_not_drop", "local": "__match_scrut_tmpt25", "program_point": ["match_arm_1", 4], "raw_state": "live", "site": "match_cleanup", "site_reason": "needs_drop", "site_verdict": "must_drop"}
[drift:ownership_ledger] {"classification": "site_stricter", "fn_name": "std.log::_enqueue_with_policy", "ledger_verdict": "must_not_drop", "local": "__match_scrut_tmpt22", "program_point": ["match_arm_0", 2], "raw_state": "live", "site": "match_cleanup", "site_reason": "needs_drop", "site_verdict": "must_drop"}
[drift:ownership_ledger] {"classification": "site_stricter", "fn_name": "std.log::_enqueue_with_policy", "ledger_verdict": "must_not_drop", "local": "__match_scrut_tmpt27", "program_point": ["match_arm_1", 2], "raw_state": "live", "site": "match_cleanup", "site_reason": "needs_drop", "site_verdict": "must_drop"}
[drift:ownership_ledger] {"classification": "site_stricter", "fn_name": "std.log::_enqueue_with_policy", "ledger_verdict": "must_not_drop", "local": "__match_scrut_tmpt42", "program_point": ["match_arm_01", 8], "raw_state": "live", "site": "match_cleanup", "site_reason": "needs_drop", "site_verdict": "must_drop"}
[drift:ownership_ledger] {"classification": "site_stricter", "fn_name": "std.log::_enqueue_with_policy", "ledger_verdict": "must_not_drop", "local": "__match_scrut_tmpt51", "program_point": ["match_arm_11", 4], "raw_state": "live", "site": "match_cleanup", "site_reason": "needs_drop", "site_verdict": "must_drop"}
[drift:ownership_ledger] {"classification": "site_stricter", "fn_name": "std.log::_enqueue_with_policy", "ledger_verdict": "must_not_drop", "local": "__match_scrut_tmpt67", "program_point": ["match_arm_2", 2], "raw_state": "live", "site": "match_cleanup", "site_reason": "needs_drop", "site_verdict": "must_drop"}
[drift:ownership_ledger] {"classification": "agree", "fn_name": "std.log::_emit_explicit_ctx", "ledger_verdict": "must_not_drop", "local": "__try_errt11", "program_point": ["tryexpr_join", 1], "raw_state": "moved_out", "site": "scope_drop", "site_reason": "moved", "site_verdict": "must_not_drop"}
[drift:ownership_ledger] {"classification": "site_stricter", "fn_name": "std.log::_emit_no_attrs", "ledger_verdict": "must_not_drop", "local": "__match_scrut_tmpt19", "program_point": ["match_arm_0", 8], "raw_state": "live", "site": "match_cleanup", "site_reason": "needs_drop", "site_verdict": "must_drop"}
[drift:ownership_ledger] {"classification": "site_stricter", "fn_name": "std.log::_emit_no_attrs", "ledger_verdict": "must_not_drop", "local": "__match_scrut_tmpt34", "program_point": ["match_arm_01", 8], "raw_state": "live", "site": "match_cleanup", "site_reason": "needs_drop", "site_verdict": "must_drop"}
[drift:ownership_ledger] {"classification": "agree", "fn_name": "std.log::_emit_no_attrs", "ledger_verdict": "must_not_drop", "local": "__try_errt43", "program_point": ["tryexpr_join", 1], "raw_state": "moved_out", "site": "scope_drop", "site_reason": "moved", "site_verdict": "must_not_drop"}
[drift:ownership_ledger] {"classification": "site_stricter", "fn_name": "std.log::_emit_no_attrs", "ledger_verdict": "must_not_drop", "local": "__match_scrut_tmpt61", "program_point": ["match_arm_11", 4], "raw_state": "live", "site": "match_cleanup", "site_reason": "needs_drop", "site_verdict": "must_drop"}
[drift:ownership_ledger] {"classification": "agree", "fn_name": "std.log::_emit_no_attrs", "ledger_verdict": "must_not_drop", "local": "__try_errt67", "program_point": ["tryexpr_join1", 1], "raw_state": "moved_out", "site": "scope_drop", "site_reason": "moved", "site_verdict": "must_not_drop"}
[drift:ownership_ledger] {"classification": "site_stricter", "fn_name": "std.log::_emit_no_attrs", "ledger_verdict": "must_not_drop", "local": "__match_scrut_tmpt84", "program_point": ["match_arm_1", 4], "raw_state": "live", "site": "match_cleanup", "site_reason": "needs_drop", "site_verdict": "must_drop"}
[drift:ownership_ledger] {"classification": "agree", "fn_name": "std.log::_emit_explicit_ctx_attrs", "ledger_verdict": "must_not_drop", "local": "attrs", "program_point": ["if_then", 3], "raw_state": "moved_out", "site": "scope_drop", "site_reason": "moved", "site_verdict": "must_not_drop"}
[drift:ownership_ledger] {"classification": "agree", "fn_name": "std.log::_emit_explicit_ctx_attrs", "ledger_verdict": "must_not_drop", "local": "__try_errt12", "program_point": ["tryexpr_join", 5], "raw_state": "moved_out", "site": "scope_drop", "site_reason": "moved", "site_verdict": "must_not_drop"}
[drift:ownership_ledger] {"classification": "agree", "fn_name": "std.log::_emit_explicit_ctx_attrs", "ledger_verdict": "must_not_drop", "local": "attrs", "program_point": ["tryexpr_join", 5], "raw_state": "moved_out", "site": "scope_drop", "site_reason": "moved", "site_verdict": "must_not_drop"}
[drift:ownership_ledger] {"classification": "site_stricter", "fn_name": "std.log::_emit_payload_throwing", "ledger_verdict": "must_not_drop", "local": "__match_scrut_tmpt11", "program_point": ["match_arm_0", 8], "raw_state": "live", "site": "match_cleanup", "site_reason": "needs_drop", "site_verdict": "must_drop"}
[drift:ownership_ledger] {"classification": "site_stricter", "fn_name": "std.log::_emit_payload_throwing", "ledger_verdict": "must_not_drop", "local": "__match_scrut_tmpt50", "program_point": ["match_arm_1", 4], "raw_state": "live", "site": "match_cleanup", "site_reason": "needs_drop", "site_verdict": "must_drop"}
[drift:ownership_ledger] {"classification": "agree", "fn_name": "std.log::_ctx_attrs_json", "ledger_verdict": "must_not_drop", "local": "__match_scrut_tmpt16", "program_point": ["match_arm_0", 8], "raw_state": "live", "site": "match_cleanup", "site_reason": "field_moved", "site_verdict": "must_not_drop"}
[drift:ownership_ledger] {"classification": "site_stricter", "fn_name": "std.log::_ctx_attrs_json", "ledger_verdict": "must_not_drop", "local": "__match_scrut_tmpt47", "program_point": ["match_arm_1", 3], "raw_state": "live", "site": "match_cleanup", "site_reason": "needs_drop", "site_verdict": "must_drop"}
[drift:ownership_ledger] {"classification": "agree", "fn_name": "std.log::_ctx_attrs_json", "ledger_verdict": "must_not_drop", "local": "next", "program_point": ["match_arm_1", 5], "raw_state": "moved_out", "site": "scope_drop", "site_reason": "moved", "site_verdict": "must_not_drop"}
[drift:ownership_ledger] {"classification": "agree", "fn_name": "std.log::_ctx_attrs_json", "ledger_verdict": "must_not_drop", "local": "next", "program_point": ["match_join", 0], "raw_state": "moved_out", "site": "scope_drop", "site_reason": "moved", "site_verdict": "must_not_drop"}
[drift:ownership_ledger] {"classification": "agree", "fn_name": "std.log::_ctx_attrs_json_merged", "ledger_verdict": "must_not_drop", "local": "__match_scrut_tmpt16", "program_point": ["match_arm_0", 8], "raw_state": "live", "site": "match_cleanup", "site_reason": "field_moved", "site_verdict": "must_not_drop"}
[drift:ownership_ledger] {"classification": "site_stricter", "fn_name": "std.log::_ctx_attrs_json_merged", "ledger_verdict": "must_not_drop", "local": "__match_binder_12_item", "program_point": ["if_then", 0], "raw_state": "live", "site": "scope_drop", "site_reason": "needs_drop", "site_verdict": "must_drop"}
[drift:ownership_ledger] {"classification": "agree", "fn_name": "std.log::_ctx_attrs_json_merged", "ledger_verdict": "must_not_drop", "local": "next", "program_point": ["if_then", 2], "raw_state": "moved_out", "site": "scope_drop", "site_reason": "moved", "site_verdict": "must_not_drop"}
[drift:ownership_ledger] {"classification": "site_stricter", "fn_name": "std.log::_ctx_attrs_json_merged", "ledger_verdict": "must_not_drop", "local": "__match_scrut_tmpt52", "program_point": ["match_arm_1", 3], "raw_state": "live", "site": "match_cleanup", "site_reason": "needs_drop", "site_verdict": "must_drop"}
[drift:ownership_ledger] {"classification": "agree", "fn_name": "std.log::_ctx_attrs_json_merged", "ledger_verdict": "must_not_drop", "local": "next", "program_point": ["match_arm_1", 5], "raw_state": "moved_out", "site": "scope_drop", "site_reason": "moved", "site_verdict": "must_not_drop"}
[drift:ownership_ledger] {"classification": "agree", "fn_name": "std.log::_ctx_attrs_json_merged", "ledger_verdict": "must_not_drop", "local": "next", "program_point": ["match_join", 0], "raw_state": "moved_out", "site": "scope_drop", "site_reason": "moved", "site_verdict": "must_not_drop"}
[drift:ownership_ledger] {"classification": "agree", "fn_name": "std.log::_ctx_attrs_json_merged", "ledger_verdict": "must_not_drop", "local": "__match_scrut_tmpt66", "program_point": ["match_arm_01", 8], "raw_state": "live", "site": "match_cleanup", "site_reason": "field_moved", "site_verdict": "must_not_drop"}
[drift:ownership_ledger] {"classification": "site_stricter", "fn_name": "std.log::_ctx_attrs_json_merged", "ledger_verdict": "must_not_drop", "local": "__match_scrut_tmpt97", "program_point": ["match_arm_11", 3], "raw_state": "live", "site": "match_cleanup", "site_reason": "needs_drop", "site_verdict": "must_drop"}
[drift:ownership_ledger] {"classification": "agree", "fn_name": "std.log::_ctx_attrs_json_merged", "ledger_verdict": "must_not_drop", "local": "next__b150", "program_point": ["match_arm_11", 5], "raw_state": "moved_out", "site": "scope_drop", "site_reason": "moved", "site_verdict": "must_not_drop"}
[drift:ownership_ledger] {"classification": "agree", "fn_name": "std.log::_ctx_attrs_json_merged", "ledger_verdict": "must_not_drop", "local": "next__b150", "program_point": ["match_join1", 0], "raw_state": "moved_out", "site": "scope_drop", "site_reason": "moved", "site_verdict": "must_not_drop"}
[drift:ownership_ledger] {"classification": "site_stricter", "fn_name": "std.log::_dv_json", "ledger_verdict": "must_not_drop", "local": "__match_scrut_tmpt11", "program_point": ["match_arm_0", 8], "raw_state": "live", "site": "match_cleanup", "site_reason": "needs_drop", "site_verdict": "must_drop"}
[drift:ownership_ledger] {"classification": "site_stricter", "fn_name": "std.log::_dv_json", "ledger_verdict": "must_not_drop", "local": "dv", "program_point": ["if_then", 1], "raw_state": "live", "site": "scope_drop", "site_reason": "needs_drop", "site_verdict": "must_drop"}
[drift:ownership_ledger] {"classification": "site_stricter", "fn_name": "std.log::_dv_json", "ledger_verdict": "must_not_drop", "local": "dv", "program_point": ["if_join", 1], "raw_state": "live", "site": "scope_drop", "site_reason": "needs_drop", "site_verdict": "must_drop"}
[drift:ownership_ledger] {"classification": "site_stricter", "fn_name": "std.log::_dv_json", "ledger_verdict": "must_not_drop", "local": "__match_scrut_tmpt24", "program_point": ["match_arm_1", 4], "raw_state": "live", "site": "match_cleanup", "site_reason": "needs_drop", "site_verdict": "must_drop"}
[drift:ownership_ledger] {"classification": "site_stricter", "fn_name": "std.log::_dv_json", "ledger_verdict": "must_not_drop", "local": "__match_scrut_tmpt38", "program_point": ["match_arm_01", 8], "raw_state": "live", "site": "match_cleanup", "site_reason": "needs_drop", "site_verdict": "must_drop"}
[drift:ownership_ledger] {"classification": "site_stricter", "fn_name": "std.log::_dv_json", "ledger_verdict": "must_not_drop", "local": "dv", "program_point": ["match_arm_01", 12], "raw_state": "live", "site": "scope_drop", "site_reason": "needs_drop", "site_verdict": "must_drop"}
[drift:ownership_ledger] {"classification": "site_stricter", "fn_name": "std.log::_dv_json", "ledger_verdict": "must_not_drop", "local": "__match_scrut_tmpt49", "program_point": ["match_arm_11", 4], "raw_state": "live", "site": "match_cleanup", "site_reason": "needs_drop", "site_verdict": "must_drop"}
[drift:ownership_ledger] {"classification": "site_stricter", "fn_name": "std.log::_dv_json", "ledger_verdict": "must_not_drop", "local": "__match_scrut_tmpt63", "program_point": ["match_arm_02", 8], "raw_state": "live", "site": "match_cleanup", "site_reason": "needs_drop", "site_verdict": "must_drop"}
[drift:ownership_ledger] {"classification": "site_stricter", "fn_name": "std.log::_dv_json", "ledger_verdict": "must_not_drop", "local": "dv", "program_point": ["match_arm_02", 12], "raw_state": "live", "site": "scope_drop", "site_reason": "needs_drop", "site_verdict": "must_drop"}
[drift:ownership_ledger] {"classification": "site_stricter", "fn_name": "std.log::_dv_json", "ledger_verdict": "must_not_drop", "local": "__match_scrut_tmpt74", "program_point": ["match_arm_12", 4], "raw_state": "live", "site": "match_cleanup", "site_reason": "needs_drop", "site_verdict": "must_drop"}
[drift:ownership_ledger] {"classification": "agree", "fn_name": "std.log::_dv_json", "ledger_verdict": "must_drop", "local": "__match_scrut_tmpt88", "program_point": ["match_arm_03", 8], "raw_state": "live", "site": "match_cleanup", "site_reason": "needs_drop", "site_verdict": "must_drop"}
[drift:ownership_ledger] {"classification": "site_stricter", "fn_name": "std.log::_dv_json", "ledger_verdict": "must_not_drop", "local": "dv", "program_point": ["match_arm_03", 16], "raw_state": "live", "site": "scope_drop", "site_reason": "needs_drop", "site_verdict": "must_drop"}
[drift:ownership_ledger] {"classification": "agree", "fn_name": "std.log::_dv_json", "ledger_verdict": "must_drop", "local": "__match_scrut_tmpt103", "program_point": ["match_arm_13", 4], "raw_state": "live", "site": "match_cleanup", "site_reason": "needs_drop", "site_verdict": "must_drop"}
[drift:ownership_ledger] {"classification": "ledger_stricter", "fn_name": "std.log::_dv_json", "ledger_verdict": "must_drop", "local": "__match_scrut_tmpt117", "program_point": ["match_arm_04", 9], "raw_state": "live", "site": "match_cleanup", "site_reason": "field_moved", "site_verdict": "must_not_drop"}
[drift:ownership_ledger] {"classification": "agree", "fn_name": "std.log::_dv_json", "ledger_verdict": "must_drop", "local": "__match_binder_20__", "program_point": ["match_arm_04", 10], "raw_state": "live", "site": "scope_drop", "site_reason": "needs_drop", "site_verdict": "must_drop"}
[drift:ownership_ledger] {"classification": "site_stricter", "fn_name": "std.log::_dv_json", "ledger_verdict": "must_not_drop", "local": "dv", "program_point": ["match_arm_04", 12], "raw_state": "live", "site": "scope_drop", "site_reason": "needs_drop", "site_verdict": "must_drop"}
[drift:ownership_ledger] {"classification": "agree", "fn_name": "std.log::_dv_json", "ledger_verdict": "must_drop", "local": "__match_scrut_tmpt128", "program_point": ["match_arm_14", 4], "raw_state": "live", "site": "match_cleanup", "site_reason": "needs_drop", "site_verdict": "must_drop"}
[drift:ownership_ledger] {"classification": "site_stricter", "fn_name": "std.log::_dv_json", "ledger_verdict": "must_not_drop", "local": "dv", "program_point": ["match_join4", 1], "raw_state": "live", "site": "scope_drop", "site_reason": "needs_drop", "site_verdict": "must_drop"}
[drift:ownership_ledger] {"classification": "agree", "fn_name": "std.log::macro_debug", "ledger_verdict": "must_drop", "local": "_", "program_point": ["entry", 6], "raw_state": "live", "site": "scope_drop", "site_reason": "needs_drop", "site_verdict": "must_drop"}
[drift:ownership_ledger] {"classification": "agree", "fn_name": "std.log::macro_debug", "ledger_verdict": "must_not_drop", "local": "src", "program_point": ["entry", 8], "raw_state": "moved_out", "site": "scope_drop", "site_reason": "moved", "site_verdict": "must_not_drop"}
[drift:ownership_ledger] {"classification": "agree", "fn_name": "std.log::macro_debug#1", "ledger_verdict": "must_drop", "local": "_", "program_point": ["entry", 7], "raw_state": "live", "site": "scope_drop", "site_reason": "needs_drop", "site_verdict": "must_drop"}
[drift:ownership_ledger] {"classification": "agree", "fn_name": "std.log::macro_debug#1", "ledger_verdict": "must_not_drop", "local": "src", "program_point": ["entry", 9], "raw_state": "moved_out", "site": "scope_drop", "site_reason": "moved", "site_verdict": "must_not_drop"}
[drift:ownership_ledger] {"classification": "agree", "fn_name": "std.log::macro_debug#3", "ledger_verdict": "must_drop", "local": "_", "program_point": ["entry", 8], "raw_state": "live", "site": "scope_drop", "site_reason": "needs_drop", "site_verdict": "must_drop"}
[drift:ownership_ledger] {"classification": "agree", "fn_name": "std.log::macro_debug#3", "ledger_verdict": "must_not_drop", "local": "src", "program_point": ["entry", 10], "raw_state": "moved_out", "site": "scope_drop", "site_reason": "moved", "site_verdict": "must_not_drop"}
[drift:ownership_ledger] {"classification": "agree", "fn_name": "std.log::macro_debug#3", "ledger_verdict": "must_not_drop", "local": "attrs", "program_point": ["entry", 10], "raw_state": "moved_out", "site": "scope_drop", "site_reason": "moved", "site_verdict": "must_not_drop"}
[drift:ownership_ledger] {"classification": "agree", "fn_name": "std.log::macro_info", "ledger_verdict": "must_drop", "local": "_", "program_point": ["entry", 6], "raw_state": "live", "site": "scope_drop", "site_reason": "needs_drop", "site_verdict": "must_drop"}
[drift:ownership_ledger] {"classification": "agree", "fn_name": "std.log::macro_info", "ledger_verdict": "must_not_drop", "local": "src", "program_point": ["entry", 8], "raw_state": "moved_out", "site": "scope_drop", "site_reason": "moved", "site_verdict": "must_not_drop"}
[drift:ownership_ledger] {"classification": "agree", "fn_name": "std.log::macro_info#1", "ledger_verdict": "must_drop", "local": "_", "program_point": ["entry", 7], "raw_state": "live", "site": "scope_drop", "site_reason": "needs_drop", "site_verdict": "must_drop"}
[drift:ownership_ledger] {"classification": "agree", "fn_name": "std.log::macro_info#1", "ledger_verdict": "must_not_drop", "local": "src", "program_point": ["entry", 9], "raw_state": "moved_out", "site": "scope_drop", "site_reason": "moved", "site_verdict": "must_not_drop"}
[drift:ownership_ledger] {"classification": "agree", "fn_name": "std.log::macro_info#3", "ledger_verdict": "must_drop", "local": "_", "program_point": ["entry", 8], "raw_state": "live", "site": "scope_drop", "site_reason": "needs_drop", "site_verdict": "must_drop"}
[drift:ownership_ledger] {"classification": "agree", "fn_name": "std.log::macro_info#3", "ledger_verdict": "must_not_drop", "local": "src", "program_point": ["entry", 10], "raw_state": "moved_out", "site": "scope_drop", "site_reason": "moved", "site_verdict": "must_not_drop"}
[drift:ownership_ledger] {"classification": "agree", "fn_name": "std.log::macro_info#3", "ledger_verdict": "must_not_drop", "local": "attrs", "program_point": ["entry", 10], "raw_state": "moved_out", "site": "scope_drop", "site_reason": "moved", "site_verdict": "must_not_drop"}
[drift:ownership_ledger] {"classification": "agree", "fn_name": "std.log::macro_error", "ledger_verdict": "must_drop", "local": "_", "program_point": ["entry", 6], "raw_state": "live", "site": "scope_drop", "site_reason": "needs_drop", "site_verdict": "must_drop"}
[drift:ownership_ledger] {"classification": "agree", "fn_name": "std.log::macro_error", "ledger_verdict": "must_not_drop", "local": "src", "program_point": ["entry", 8], "raw_state": "moved_out", "site": "scope_drop", "site_reason": "moved", "site_verdict": "must_not_drop"}
[drift:ownership_ledger] {"classification": "agree", "fn_name": "std.log::macro_error#1", "ledger_verdict": "must_drop", "local": "_", "program_point": ["entry", 7], "raw_state": "live", "site": "scope_drop", "site_reason": "needs_drop", "site_verdict": "must_drop"}
[drift:ownership_ledger] {"classification": "agree", "fn_name": "std.log::macro_error#1", "ledger_verdict": "must_not_drop", "local": "src", "program_point": ["entry", 9], "raw_state": "moved_out", "site": "scope_drop", "site_reason": "moved", "site_verdict": "must_not_drop"}
[drift:ownership_ledger] {"classification": "agree", "fn_name": "std.log::macro_error#3", "ledger_verdict": "must_drop", "local": "_", "program_point": ["entry", 8], "raw_state": "live", "site": "scope_drop", "site_reason": "needs_drop", "site_verdict": "must_drop"}
[drift:ownership_ledger] {"classification": "agree", "fn_name": "std.log::macro_error#3", "ledger_verdict": "must_not_drop", "local": "src", "program_point": ["entry", 10], "raw_state": "moved_out", "site": "scope_drop", "site_reason": "moved", "site_verdict": "must_not_drop"}
[drift:ownership_ledger] {"classification": "agree", "fn_name": "std.log::macro_error#3", "ledger_verdict": "must_not_drop", "local": "attrs", "program_point": ["entry", 10], "raw_state": "moved_out", "site": "scope_drop", "site_reason": "moved", "site_verdict": "must_not_drop"}
[drift:ownership_ledger] {"classification": "site_stricter", "fn_name": "std.log::DiagnosticValue::Debuggable::to_debug", "ledger_verdict": "must_not_drop", "local": "self", "program_point": ["entry", 4], "raw_state": "live", "site": "scope_drop", "site_reason": "needs_drop", "site_verdict": "must_drop"}
[drift:ownership_ledger] {"classification": "agree", "fn_name": "std.log::LoggerConfigBuilder::sink", "ledger_verdict": "must_not_drop", "local": "sink", "program_point": ["entry", 11], "raw_state": "moved_out", "site": "scope_drop", "site_reason": "moved", "site_verdict": "must_not_drop"}
[drift:ownership_ledger] {"classification": "agree", "fn_name": "std.log::LoggerConfigBuilder::context_resolver", "ledger_verdict": "must_not_drop", "local": "r", "program_point": ["entry", 11], "raw_state": "moved_out", "site": "scope_drop", "site_reason": "moved", "site_verdict": "must_not_drop"}
[drift:ownership_ledger] {"classification": "site_stricter", "fn_name": "std.log::Logger::with_min_level", "ledger_verdict": "must_not_drop", "local": "__match_scrut_tmpt11", "program_point": ["match_arm_0", 8], "raw_state": "live", "site": "match_cleanup", "site_reason": "needs_drop", "site_verdict": "must_drop"}
[drift:ownership_ledger] {"classification": "agree", "fn_name": "std.log::Logger::with_min_level", "ledger_verdict": "must_not_drop", "local": "next", "program_point": ["match_arm_0", 24], "raw_state": "moved_out", "site": "scope_drop", "site_reason": "moved", "site_verdict": "must_not_drop"}
[drift:ownership_ledger] {"classification": "site_stricter", "fn_name": "std.log::Logger::with_min_level", "ledger_verdict": "must_not_drop", "local": "__match_scrut_tmpt31", "program_point": ["match_arm_1", 4], "raw_state": "live", "site": "match_cleanup", "site_reason": "needs_drop", "site_verdict": "must_drop"}
[drift:ownership_ledger] {"classification": "site_stricter", "fn_name": "std.log::Logger::flush", "ledger_verdict": "must_not_drop", "local": "__match_scrut_tmpt11", "program_point": ["match_arm_0", 8], "raw_state": "live", "site": "match_cleanup", "site_reason": "needs_drop", "site_verdict": "must_drop"}
[drift:ownership_ledger] {"classification": "site_stricter", "fn_name": "std.log::Logger::flush", "ledger_verdict": "must_not_drop", "local": "__match_scrut_tmpt22", "program_point": ["match_arm_1", 4], "raw_state": "live", "site": "match_cleanup", "site_reason": "needs_drop", "site_verdict": "must_drop"}
[drift:ownership_ledger] {"classification": "agree", "fn_name": "std.log::Logger::info#4", "ledger_verdict": "must_not_drop", "local": "attrs", "program_point": ["entry", 8], "raw_state": "moved_out", "site": "scope_drop", "site_reason": "moved", "site_verdict": "must_not_drop"}
[drift:ownership_ledger] {"classification": "agree", "fn_name": "std.log::Logger::debug#4", "ledger_verdict": "must_not_drop", "local": "attrs", "program_point": ["entry", 8], "raw_state": "moved_out", "site": "scope_drop", "site_reason": "moved", "site_verdict": "must_not_drop"}
[drift:ownership_ledger] {"classification": "agree", "fn_name": "std.log::Logger::error#4", "ledger_verdict": "must_not_drop", "local": "attrs", "program_point": ["entry", 8], "raw_state": "moved_out", "site": "scope_drop", "site_reason": "moved", "site_verdict": "must_not_drop"}
[drift:ownership_ledger] {"classification": "site_stricter", "fn_name": "std.log::LoggerBuilder::build", "ledger_verdict": "must_not_drop", "local": "__match_scrut_tmpt27", "program_point": ["match_arm_01", 8], "raw_state": "live", "site": "match_cleanup", "site_reason": "needs_drop", "site_verdict": "must_drop"}
[drift:ownership_ledger] {"classification": "agree", "fn_name": "std.log::LoggerBuilder::build", "ledger_verdict": "must_not_drop", "local": "next", "program_point": ["match_arm_01", 24], "raw_state": "moved_out", "site": "scope_drop", "site_reason": "moved", "site_verdict": "must_not_drop"}
[drift:ownership_ledger] {"classification": "site_stricter", "fn_name": "std.log::LoggerBuilder::build", "ledger_verdict": "must_not_drop", "local": "__match_scrut_tmpt47", "program_point": ["match_arm_11", 4], "raw_state": "live", "site": "match_cleanup", "site_reason": "needs_drop", "site_verdict": "must_drop"}
[drift:ownership_ledger] {"classification": "agree", "fn_name": "std.log::Logger::std.core.Destructible::destroy", "ledger_verdict": "must_drop", "local": "self", "program_point": ["if_then", 0], "raw_state": "live", "site": "scope_drop", "site_reason": "needs_drop", "site_verdict": "must_drop"}
[drift:ownership_ledger] {"classification": "agree", "fn_name": "std.log::Logger::std.core.Destructible::destroy", "ledger_verdict": "must_not_drop", "local": "st", "program_point": ["if_join", 17], "raw_state": "moved_out", "site": "scope_drop", "site_reason": "moved", "site_verdict": "must_not_drop"}
[drift:ownership_ledger] {"classification": "agree", "fn_name": "std.log::Logger::std.core.Destructible::destroy", "ledger_verdict": "must_drop", "local": "self", "program_point": ["if_join", 17], "raw_state": "live", "site": "scope_drop", "site_reason": "needs_drop", "site_verdict": "must_drop"}
[drift:ownership_ledger] {"classification": "agree", "fn_name": "std.meta::compiler_info_pairs", "ledger_verdict": "must_not_drop", "local": "result", "program_point": ["loop_exit", 6], "raw_state": "moved_out", "site": "scope_drop", "site_reason": "moved", "site_verdict": "must_not_drop"}
[drift:ownership_ledger] {"classification": "agree", "fn_name": "std.meta::_parse_tag", "ledger_verdict": "must_drop", "local": "__match_scrut_tmpt29", "program_point": ["match_arm_0", 8], "raw_state": "live", "site": "match_cleanup", "site_reason": "needs_drop", "site_verdict": "must_drop"}
[drift:ownership_ledger] {"classification": "agree", "fn_name": "std.meta::_parse_tag", "ledger_verdict": "must_drop", "local": "__match_scrut_tmpt55", "program_point": ["match_arm_01", 8], "raw_state": "live", "site": "match_cleanup", "site_reason": "needs_drop", "site_verdict": "must_drop"}
[drift:ownership_ledger] {"classification": "ledger_stricter", "fn_name": "std.meta::_parse_tag", "ledger_verdict": "must_drop", "local": "__match_scrut_tmpt104", "program_point": ["match_arm_11", 9], "raw_state": "live", "site": "match_cleanup", "site_reason": "field_moved", "site_verdict": "must_not_drop"}
[drift:ownership_ledger] {"classification": "ledger_stricter", "fn_name": "std.meta::_parse_tag", "ledger_verdict": "must_drop", "local": "__match_scrut_tmpt113", "program_point": ["match_arm_1", 9], "raw_state": "live", "site": "match_cleanup", "site_reason": "field_moved", "site_verdict": "must_not_drop"}
[drift:ownership_ledger] {"classification": "agree", "fn_name": "std.parse::ParseError::std.core.Throw::throw_self", "ledger_verdict": "must_drop", "local": "self", "program_point": ["entry", 8], "raw_state": "live", "site": "scope_drop", "site_reason": "needs_drop", "site_verdict": "must_drop"}
[drift:ownership_ledger] {"classification": "agree", "fn_name": "std.random::random_secure_bytes", "ledger_verdict": "must_not_drop", "local": "empty", "program_point": ["if_then1", 8], "raw_state": "moved_out", "site": "scope_drop", "site_reason": "moved", "site_verdict": "must_not_drop"}
[drift:ownership_ledger] {"classification": "agree", "fn_name": "std.random::random_secure_bytes", "ledger_verdict": "must_drop", "local": "buf", "program_point": ["if_then2", 6], "raw_state": "live", "site": "scope_drop", "site_reason": "needs_drop", "site_verdict": "must_drop"}
[drift:ownership_ledger] {"classification": "agree", "fn_name": "std.random::random_secure_bytes", "ledger_verdict": "must_not_drop", "local": "buf", "program_point": ["if_join2", 5], "raw_state": "moved_out", "site": "scope_drop", "site_reason": "moved", "site_verdict": "must_not_drop"}
[drift:ownership_ledger] {"classification": "agree", "fn_name": "std.random::RandomError::std.core.Throw::throw_self", "ledger_verdict": "must_drop", "local": "self", "program_point": ["entry", 8], "raw_state": "live", "site": "scope_drop", "site_reason": "needs_drop", "site_verdict": "must_drop"}
[drift:ownership_ledger] {"classification": "ledger_stricter", "fn_name": "std.regex::compile", "ledger_verdict": "must_drop", "local": "__match_scrut_tmpt11", "program_point": ["match_arm_0", 9], "raw_state": "live", "site": "match_cleanup", "site_reason": "field_moved", "site_verdict": "must_not_drop"}
[drift:ownership_ledger] {"classification": "agree", "fn_name": "std.regex::compile", "ledger_verdict": "must_drop", "local": "__match_binder_1_node", "program_point": ["if_then", 7], "raw_state": "live", "site": "scope_drop", "site_reason": "needs_drop", "site_verdict": "must_drop"}
[drift:ownership_ledger] {"classification": "agree", "fn_name": "std.regex::compile", "ledger_verdict": "must_drop", "local": "p", "program_point": ["if_then", 9], "raw_state": "live", "site": "scope_drop", "site_reason": "needs_drop", "site_verdict": "must_drop"}
[drift:ownership_ledger] {"classification": "agree", "fn_name": "std.regex::compile", "ledger_verdict": "must_not_drop", "local": "nfa", "program_point": ["if_join", 7], "raw_state": "moved_out", "site": "scope_drop", "site_reason": "moved", "site_verdict": "must_not_drop"}
[drift:ownership_ledger] {"classification": "agree", "fn_name": "std.regex::compile", "ledger_verdict": "must_not_drop", "local": "__match_binder_1_node", "program_point": ["if_join", 7], "raw_state": "moved_out", "site": "scope_drop", "site_reason": "moved", "site_verdict": "must_not_drop"}
[drift:ownership_ledger] {"classification": "agree", "fn_name": "std.regex::compile", "ledger_verdict": "must_drop", "local": "p", "program_point": ["if_join", 7], "raw_state": "live", "site": "scope_drop", "site_reason": "needs_drop", "site_verdict": "must_drop"}
[drift:ownership_ledger] {"classification": "ledger_stricter", "fn_name": "std.regex::compile", "ledger_verdict": "must_drop", "local": "__match_scrut_tmpt37", "program_point": ["match_arm_1", 9], "raw_state": "live", "site": "match_cleanup", "site_reason": "field_moved", "site_verdict": "must_not_drop"}
[drift:ownership_ledger] {"classification": "agree", "fn_name": "std.regex::compile", "ledger_verdict": "must_not_drop", "local": "__match_binder_2_e", "program_point": ["match_arm_1", 11], "raw_state": "moved_out", "site": "scope_drop", "site_reason": "moved", "site_verdict": "must_not_drop"}
[drift:ownership_ledger] {"classification": "agree", "fn_name": "std.regex::compile", "ledger_verdict": "must_drop", "local": "p", "program_point": ["match_arm_1", 11], "raw_state": "live", "site": "scope_drop", "site_reason": "needs_drop", "site_verdict": "must_drop"}
[drift:ownership_ledger] {"classification": "ledger_stricter", "fn_name": "std.regex::_parse_alternation", "ledger_verdict": "must_drop", "local": "__match_scrut_tmpt9", "program_point": ["match_arm_0", 9], "raw_state": "live", "site": "match_cleanup", "site_reason": "field_moved", "site_verdict": "must_not_drop"}
[drift:ownership_ledger] {"classification": "agree", "fn_name": "std.regex::_parse_alternation", "ledger_verdict": "must_not_drop", "local": "__match_binder_3_e", "program_point": ["match_arm_0", 11], "raw_state": "moved_out", "site": "scope_drop", "site_reason": "moved", "site_verdict": "must_not_drop"}
[drift:ownership_ledger] {"classification": "ledger_stricter", "fn_name": "std.regex::_parse_alternation", "ledger_verdict": "must_drop", "local": "__match_scrut_tmpt19", "program_point": ["match_arm_1", 9], "raw_state": "live", "site": "match_cleanup", "site_reason": "field_moved", "site_verdict": "must_not_drop"}
[drift:ownership_ledger] {"classification": "agree", "fn_name": "std.regex::_parse_alternation", "ledger_verdict": "must_not_drop", "local": "__match_binder_4_first", "program_point": ["if_then", 2], "raw_state": "moved_out", "site": "scope_drop", "site_reason": "moved", "site_verdict": "must_not_drop"}
[drift:ownership_ledger] {"classification": "ledger_stricter", "fn_name": "std.regex::_parse_alternation", "ledger_verdict": "must_drop", "local": "__match_scrut_tmpt93", "program_point": ["match_arm_01", 9], "raw_state": "live", "site": "match_cleanup", "site_reason": "field_moved", "site_verdict": "must_not_drop"}
[drift:ownership_ledger] {"classification": "agree", "fn_name": "std.regex::_parse_alternation", "ledger_verdict": "must_not_drop", "local": "__match_binder_5_e", "program_point": ["match_arm_01", 11], "raw_state": "moved_out", "site": "scope_drop", "site_reason": "moved", "site_verdict": "must_not_drop"}
[drift:ownership_ledger] {"classification": "agree", "fn_name": "std.regex::_parse_alternation", "ledger_verdict": "must_drop", "local": "branches", "program_point": ["match_arm_01", 11], "raw_state": "live", "site": "scope_drop", "site_reason": "needs_drop", "site_verdict": "must_drop"}
[drift:ownership_ledger] {"classification": "agree", "fn_name": "std.regex::_parse_alternation", "ledger_verdict": "must_not_drop", "local": "__match_binder_4_first", "program_point": ["match_arm_01", 13], "raw_state": "moved_out", "site": "scope_drop", "site_reason": "moved", "site_verdict": "must_not_drop"}
[drift:ownership_ledger] {"classification": "ledger_stricter", "fn_name": "std.regex::_parse_alternation", "ledger_verdict": "must_drop", "local": "__match_scrut_tmpt104", "program_point": ["match_arm_11", 9], "raw_state": "live", "site": "match_cleanup", "site_reason": "field_moved", "site_verdict": "must_not_drop"}
[drift:ownership_ledger] {"classification": "agree", "fn_name": "std.regex::_parse_alternation", "ledger_verdict": "must_not_drop", "local": "branches", "program_point": ["loop_exit", 3], "raw_state": "moved_out", "site": "scope_drop", "site_reason": "moved", "site_verdict": "must_not_drop"}
[drift:ownership_ledger] {"classification": "agree", "fn_name": "std.regex::_parse_alternation", "ledger_verdict": "must_not_drop", "local": "__match_binder_4_first", "program_point": ["loop_exit", 3], "raw_state": "moved_out", "site": "scope_drop", "site_reason": "moved", "site_verdict": "must_not_drop"}
[drift:ownership_ledger] {"classification": "ledger_stricter", "fn_name": "std.regex::_parse_sequence", "ledger_verdict": "must_drop", "local": "__match_scrut_tmpt25", "program_point": ["match_arm_0", 9], "raw_state": "live", "site": "match_cleanup", "site_reason": "field_moved", "site_verdict": "must_not_drop"}
[drift:ownership_ledger] {"classification": "agree", "fn_name": "std.regex::_parse_sequence", "ledger_verdict": "must_not_drop", "local": "__match_binder_7_e", "program_point": ["match_arm_0", 11], "raw_state": "moved_out", "site": "scope_drop", "site_reason": "moved", "site_verdict": "must_not_drop"}
[drift:ownership_ledger] {"classification": "agree", "fn_name": "std.regex::_parse_sequence", "ledger_verdict": "must_drop", "local": "children", "program_point": ["match_arm_0", 11], "raw_state": "live", "site": "scope_drop", "site_reason": "needs_drop", "site_verdict": "must_drop"}
[drift:ownership_ledger] {"classification": "ledger_stricter", "fn_name": "std.regex::_parse_sequence", "ledger_verdict": "must_drop", "local": "__match_scrut_tmpt36", "program_point": ["match_arm_1", 9], "raw_state": "live", "site": "match_cleanup", "site_reason": "field_moved", "site_verdict": "must_not_drop"}
[drift:ownership_ledger] {"classification": "ledger_stricter", "fn_name": "std.regex::_parse_sequence", "ledger_verdict": "must_drop", "local": "__match_scrut_tmpt110", "program_point": ["match_arm_01", 9], "raw_state": "live", "site": "match_cleanup", "site_reason": "field_moved", "site_verdict": "must_not_drop"}
[drift:ownership_ledger] {"classification": "agree", "fn_name": "std.regex::_parse_sequence", "ledger_verdict": "must_not_drop", "local": "__match_binder_9_only", "program_point": ["match_arm_01", 11], "raw_state": "moved_out", "site": "scope_drop", "site_reason": "moved", "site_verdict": "must_not_drop"}
[drift:ownership_ledger] {"classification": "agree", "fn_name": "std.regex::_parse_sequence", "ledger_verdict": "must_drop", "local": "children", "program_point": ["match_arm_01", 11], "raw_state": "live", "site": "scope_drop", "site_reason": "needs_drop", "site_verdict": "must_drop"}
[drift:ownership_ledger] {"classification": "agree", "fn_name": "std.regex::_parse_sequence", "ledger_verdict": "must_drop", "local": "__match_scrut_tmpt121", "program_point": ["match_arm_11", 4], "raw_state": "live", "site": "match_cleanup", "site_reason": "needs_drop", "site_verdict": "must_drop"}
[drift:ownership_ledger] {"classification": "agree", "fn_name": "std.regex::_parse_sequence", "ledger_verdict": "must_not_drop", "local": "children", "program_point": ["if_join2", 3], "raw_state": "moved_out", "site": "scope_drop", "site_reason": "moved", "site_verdict": "must_not_drop"}
[drift:ownership_ledger] {"classification": "ledger_stricter", "fn_name": "std.regex::_parse_quantified", "ledger_verdict": "must_drop", "local": "__match_scrut_tmpt9", "program_point": ["match_arm_0", 9], "raw_state": "live", "site": "match_cleanup", "site_reason": "field_moved", "site_verdict": "must_not_drop"}
[drift:ownership_ledger] {"classification": "agree", "fn_name": "std.regex::_parse_quantified", "ledger_verdict": "must_not_drop", "local": "__match_binder_10_e", "program_point": ["match_arm_0", 11], "raw_state": "moved_out", "site": "scope_drop", "site_reason": "moved", "site_verdict": "must_not_drop"}
[drift:ownership_ledger] {"classification": "ledger_stricter", "fn_name": "std.regex::_parse_quantified", "ledger_verdict": "must_drop", "local": "__match_scrut_tmpt19", "program_point": ["match_arm_1", 9], "raw_state": "live", "site": "match_cleanup", "site_reason": "field_moved", "site_verdict": "must_not_drop"}
[drift:ownership_ledger] {"classification": "agree", "fn_name": "std.regex::_parse_quantified", "ledger_verdict": "must_not_drop", "local": "__match_binder_11_atom", "program_point": ["if_then", 2], "raw_state": "moved_out", "site": "scope_drop", "site_reason": "moved", "site_verdict": "must_not_drop"}
[drift:ownership_ledger] {"classification": "agree", "fn_name": "std.regex::_parse_quantified", "ledger_verdict": "must_not_drop", "local": "wrap", "program_point": ["array_cap_join2", 11], "raw_state": "moved_out", "site": "scope_drop", "site_reason": "moved", "site_verdict": "must_not_drop"}
[drift:ownership_ledger] {"classification": "agree", "fn_name": "std.regex::_parse_quantified", "ledger_verdict": "must_not_drop", "local": "__match_binder_11_atom", "program_point": ["array_cap_join2", 11], "raw_state": "moved_out", "site": "scope_drop", "site_reason": "moved", "site_verdict": "must_not_drop"}
[drift:ownership_ledger] {"classification": "agree", "fn_name": "std.regex::_parse_quantified", "ledger_verdict": "must_not_drop", "local": "wrap__b20", "program_point": ["array_cap_join21", 11], "raw_state": "moved_out", "site": "scope_drop", "site_reason": "moved", "site_verdict": "must_not_drop"}
[drift:ownership_ledger] {"classification": "agree", "fn_name": "std.regex::_parse_quantified", "ledger_verdict": "must_not_drop", "local": "__match_binder_11_atom", "program_point": ["array_cap_join21", 11], "raw_state": "moved_out", "site": "scope_drop", "site_reason": "moved", "site_verdict": "must_not_drop"}
[drift:ownership_ledger] {"classification": "agree", "fn_name": "std.regex::_parse_quantified", "ledger_verdict": "must_not_drop", "local": "wrap__b21", "program_point": ["array_cap_join22", 11], "raw_state": "moved_out", "site": "scope_drop", "site_reason": "moved", "site_verdict": "must_not_drop"}
[drift:ownership_ledger] {"classification": "agree", "fn_name": "std.regex::_parse_quantified", "ledger_verdict": "must_not_drop", "local": "__match_binder_11_atom", "program_point": ["array_cap_join22", 11], "raw_state": "moved_out", "site": "scope_drop", "site_reason": "moved", "site_verdict": "must_not_drop"}
[drift:ownership_ledger] {"classification": "agree", "fn_name": "std.regex::_parse_quantified", "ledger_verdict": "must_not_drop", "local": "__match_binder_11_atom", "program_point": ["if_join3", 2], "raw_state": "moved_out", "site": "scope_drop", "site_reason": "moved", "site_verdict": "must_not_drop"}
[drift:ownership_ledger] {"classification": "ledger_stricter", "fn_name": "std.regex::_parse_atom", "ledger_verdict": "must_drop", "local": "__match_scrut_tmpt63", "program_point": ["match_arm_0", 9], "raw_state": "live", "site": "match_cleanup", "site_reason": "field_moved", "site_verdict": "must_not_drop"}
[drift:ownership_ledger] {"classification": "agree", "fn_name": "std.regex::_parse_atom", "ledger_verdict": "must_not_drop", "local": "__match_binder_12_e", "program_point": ["match_arm_0", 11], "raw_state": "moved_out", "site": "scope_drop", "site_reason": "moved", "site_verdict": "must_not_drop"}
[drift:ownership_ledger] {"classification": "ledger_stricter", "fn_name": "std.regex::_parse_atom", "ledger_verdict": "must_drop", "local": "__match_scrut_tmpt73", "program_point": ["match_arm_1", 9], "raw_state": "live", "site": "match_cleanup", "site_reason": "field_moved", "site_verdict": "must_not_drop"}
[drift:ownership_ledger] {"classification": "agree", "fn_name": "std.regex::_parse_atom", "ledger_verdict": "must_drop", "local": "__match_binder_13_inner", "program_point": ["if_then4", 7], "raw_state": "live", "site": "scope_drop", "site_reason": "needs_drop", "site_verdict": "must_drop"}
[drift:ownership_ledger] {"classification": "agree", "fn_name": "std.regex::_parse_atom", "ledger_verdict": "must_not_drop", "local": "__match_binder_13_inner", "program_point": ["if_join4", 11], "raw_state": "moved_out", "site": "scope_drop", "site_reason": "moved", "site_verdict": "must_not_drop"}
[drift:ownership_ledger] {"classification": "agree", "fn_name": "std.regex::_class_digit", "ledger_verdict": "must_not_drop", "local": "ranges", "program_point": ["array_cap_join2", 11], "raw_state": "moved_out", "site": "scope_drop", "site_reason": "moved", "site_verdict": "must_not_drop"}
[drift:ownership_ledger] {"classification": "agree", "fn_name": "std.regex::_class_word", "ledger_verdict": "must_not_drop", "local": "ranges", "program_point": ["array_cap_join23", 11], "raw_state": "moved_out", "site": "scope_drop", "site_reason": "moved", "site_verdict": "must_not_drop"}
[drift:ownership_ledger] {"classification": "agree", "fn_name": "std.regex::_class_space", "ledger_verdict": "must_not_drop", "local": "ranges", "program_point": ["array_cap_join23", 11], "raw_state": "moved_out", "site": "scope_drop", "site_reason": "moved", "site_verdict": "must_not_drop"}
[drift:ownership_ledger] {"classification": "agree", "fn_name": "std.regex::_parse_char_class", "ledger_verdict": "must_drop", "local": "ranges", "program_point": ["if_then3", 9], "raw_state": "live", "site": "scope_drop", "site_reason": "needs_drop", "site_verdict": "must_drop"}
[drift:ownership_ledger] {"classification": "ledger_stricter", "fn_name": "std.regex::_parse_char_class", "ledger_verdict": "must_drop", "local": "__match_scrut_tmpt468", "program_point": ["match_arm_0", 9], "raw_state": "live", "site": "match_cleanup", "site_reason": "field_moved", "site_verdict": "must_not_drop"}
[drift:ownership_ledger] {"classification": "agree", "fn_name": "std.regex::_parse_char_class", "ledger_verdict": "must_not_drop", "local": "__match_binder_14_e", "program_point": ["match_arm_0", 11], "raw_state": "moved_out", "site": "scope_drop", "site_reason": "moved", "site_verdict": "must_not_drop"}
[drift:ownership_ledger] {"classification": "agree", "fn_name": "std.regex::_parse_char_class", "ledger_verdict": "must_drop", "local": "ranges", "program_point": ["match_arm_0", 11], "raw_state": "live", "site": "scope_drop", "site_reason": "needs_drop", "site_verdict": "must_drop"}
[drift:ownership_ledger] {"classification": "agree", "fn_name": "std.regex::_parse_char_class", "ledger_verdict": "must_drop", "local": "__match_scrut_tmpt479", "program_point": ["match_arm_1", 8], "raw_state": "live", "site": "match_cleanup", "site_reason": "needs_drop", "site_verdict": "must_drop"}
[drift:ownership_ledger] {"classification": "ledger_stricter", "fn_name": "std.regex::_parse_char_class", "ledger_verdict": "must_drop", "local": "__match_scrut_tmpt499", "program_point": ["match_arm_01", 9], "raw_state": "live", "site": "match_cleanup", "site_reason": "field_moved", "site_verdict": "must_not_drop"}
[drift:ownership_ledger] {"classification": "agree", "fn_name": "std.regex::_parse_char_class", "ledger_verdict": "must_not_drop", "local": "__match_binder_16_e", "program_point": ["match_arm_01", 11], "raw_state": "moved_out", "site": "scope_drop", "site_reason": "moved", "site_verdict": "must_not_drop"}
[drift:ownership_ledger] {"classification": "agree", "fn_name": "std.regex::_parse_char_class", "ledger_verdict": "must_drop", "local": "ranges", "program_point": ["match_arm_01", 11], "raw_state": "live", "site": "scope_drop", "site_reason": "needs_drop", "site_verdict": "must_drop"}
[drift:ownership_ledger] {"classification": "agree", "fn_name": "std.regex::_parse_char_class", "ledger_verdict": "must_drop", "local": "__match_scrut_tmpt510", "program_point": ["match_arm_11", 8], "raw_state": "live", "site": "match_cleanup", "site_reason": "needs_drop", "site_verdict": "must_drop"}
[drift:ownership_ledger] {"classification": "ledger_stricter", "fn_name": "std.regex::_parse_char_class", "ledger_verdict": "must_drop", "local": "__match_scrut_tmpt530", "program_point": ["match_arm_02", 9], "raw_state": "live", "site": "match_cleanup", "site_reason": "field_moved", "site_verdict": "must_not_drop"}
[drift:ownership_ledger] {"classification": "agree", "fn_name": "std.regex::_parse_char_class", "ledger_verdict": "must_not_drop", "local": "__match_binder_18_e", "program_point": ["match_arm_02", 11], "raw_state": "moved_out", "site": "scope_drop", "site_reason": "moved", "site_verdict": "must_not_drop"}
[drift:ownership_ledger] {"classification": "agree", "fn_name": "std.regex::_parse_char_class", "ledger_verdict": "must_drop", "local": "ranges", "program_point": ["match_arm_02", 11], "raw_state": "live", "site": "scope_drop", "site_reason": "needs_drop", "site_verdict": "must_drop"}
[drift:ownership_ledger] {"classification": "agree", "fn_name": "std.regex::_parse_char_class", "ledger_verdict": "must_drop", "local": "__match_scrut_tmpt541", "program_point": ["match_arm_12", 8], "raw_state": "live", "site": "match_cleanup", "site_reason": "needs_drop", "site_verdict": "must_drop"}
[drift:ownership_ledger] {"classification": "ledger_stricter", "fn_name": "std.regex::_parse_char_class", "ledger_verdict": "must_drop", "local": "__match_scrut_tmpt580", "program_point": ["match_arm_03", 9], "raw_state": "live", "site": "match_cleanup", "site_reason": "field_moved", "site_verdict": "must_not_drop"}
[drift:ownership_ledger] {"classification": "agree", "fn_name": "std.regex::_parse_char_class", "ledger_verdict": "must_not_drop", "local": "__match_binder_20_e", "program_point": ["match_arm_03", 11], "raw_state": "moved_out", "site": "scope_drop", "site_reason": "moved", "site_verdict": "must_not_drop"}
[drift:ownership_ledger] {"classification": "agree", "fn_name": "std.regex::_parse_char_class", "ledger_verdict": "must_drop", "local": "ranges", "program_point": ["match_arm_03", 11], "raw_state": "live", "site": "scope_drop", "site_reason": "needs_drop", "site_verdict": "must_drop"}
[drift:ownership_ledger] {"classification": "agree", "fn_name": "std.regex::_parse_char_class", "ledger_verdict": "must_drop", "local": "__match_scrut_tmpt591", "program_point": ["match_arm_13", 8], "raw_state": "live", "site": "match_cleanup", "site_reason": "needs_drop", "site_verdict": "must_drop"}
[drift:ownership_ledger] {"classification": "agree", "fn_name": "std.regex::_parse_char_class", "ledger_verdict": "must_drop", "local": "ranges", "program_point": ["if_join10", 9], "raw_state": "live", "site": "scope_drop", "site_reason": "needs_drop", "site_verdict": "must_drop"}
[drift:ownership_ledger] {"classification": "ledger_stricter", "fn_name": "std.regex::_parse_char_class", "ledger_verdict": "must_drop", "local": "__match_scrut_tmpt619", "program_point": ["match_arm_04", 9], "raw_state": "live", "site": "match_cleanup", "site_reason": "field_moved", "site_verdict": "must_not_drop"}
[drift:ownership_ledger] {"classification": "agree", "fn_name": "std.regex::_parse_char_class", "ledger_verdict": "must_not_drop", "local": "__match_binder_22_e", "program_point": ["match_arm_04", 11], "raw_state": "moved_out", "site": "scope_drop", "site_reason": "moved", "site_verdict": "must_not_drop"}
[drift:ownership_ledger] {"classification": "agree", "fn_name": "std.regex::_parse_char_class", "ledger_verdict": "must_drop", "local": "ranges", "program_point": ["match_arm_04", 11], "raw_state": "live", "site": "scope_drop", "site_reason": "needs_drop", "site_verdict": "must_drop"}
[drift:ownership_ledger] {"classification": "agree", "fn_name": "std.regex::_parse_char_class", "ledger_verdict": "must_drop", "local": "__match_scrut_tmpt630", "program_point": ["match_arm_14", 8], "raw_state": "live", "site": "match_cleanup", "site_reason": "needs_drop", "site_verdict": "must_drop"}
[drift:ownership_ledger] {"classification": "agree", "fn_name": "std.regex::_parse_char_class", "ledger_verdict": "must_drop", "local": "ranges", "program_point": ["if_then11", 5], "raw_state": "live", "site": "scope_drop", "site_reason": "needs_drop", "site_verdict": "must_drop"}
[drift:ownership_ledger] {"classification": "agree", "fn_name": "std.regex::_parse_char_class", "ledger_verdict": "must_drop", "local": "ranges", "program_point": ["if_then12", 5], "raw_state": "live", "site": "scope_drop", "site_reason": "needs_drop", "site_verdict": "must_drop"}
[drift:ownership_ledger] {"classification": "agree", "fn_name": "std.regex::_parse_char_class", "ledger_verdict": "must_not_drop", "local": "ranges", "program_point": ["if_join12", 5], "raw_state": "moved_out", "site": "scope_drop", "site_reason": "moved", "site_verdict": "must_not_drop"}
[drift:ownership_ledger] {"classification": "agree", "fn_name": "std.regex::_emit_node", "ledger_verdict": "must_drop", "local": "sizes", "program_point": ["loop_exit4", 9], "raw_state": "live", "site": "scope_drop", "site_reason": "needs_drop", "site_verdict": "must_drop"}
[drift:ownership_ledger] {"classification": "agree", "fn_name": "std.regex::_nfa_compile", "ledger_verdict": "must_not_drop", "local": "nfa", "program_point": ["array_cap_join2", 8], "raw_state": "moved_out", "site": "scope_drop", "site_reason": "moved", "site_verdict": "must_not_drop"}
[drift:ownership_ledger] {"classification": "agree", "fn_name": "std.regex::_make_bitmap", "ledger_verdict": "must_not_drop", "local": "a", "program_point": ["loop_exit", 1], "raw_state": "moved_out", "site": "scope_drop", "site_reason": "moved", "site_verdict": "must_not_drop"}
[drift:ownership_ledger] {"classification": "site_stricter", "fn_name": "std.regex::_add_state", "ledger_verdict": "must_not_drop", "local": "__match_scrut_tmpt82", "program_point": ["match_arm_0", 10], "raw_state": "live", "site": "match_cleanup", "site_reason": "needs_drop", "site_verdict": "must_drop"}
[drift:ownership_ledger] {"classification": "site_stricter", "fn_name": "std.regex::_add_state", "ledger_verdict": "must_not_drop", "local": "__match_scrut_tmpt103", "program_point": ["match_arm_1", 6], "raw_state": "live", "site": "match_cleanup", "site_reason": "needs_drop", "site_verdict": "must_drop"}
[drift:ownership_ledger] {"classification": "site_stricter", "fn_name": "std.regex::_add_state", "ledger_verdict": "must_not_drop", "local": "__match_scrut_tmpt115", "program_point": ["match_arm_2", 2], "raw_state": "live", "site": "match_cleanup", "site_reason": "needs_drop", "site_verdict": "must_drop"}
[drift:ownership_ledger] {"classification": "site_stricter", "fn_name": "std.regex::_add_state", "ledger_verdict": "must_not_drop", "local": "__match_scrut_tmpt129", "program_point": ["match_arm_3", 2], "raw_state": "live", "site": "match_cleanup", "site_reason": "needs_drop", "site_verdict": "must_drop"}
[drift:ownership_ledger] {"classification": "site_stricter", "fn_name": "std.regex::_add_state", "ledger_verdict": "must_not_drop", "local": "__match_scrut_tmpt143", "program_point": ["match_arm_4", 6], "raw_state": "live", "site": "match_cleanup", "site_reason": "needs_drop", "site_verdict": "must_drop"}
[drift:ownership_ledger] {"classification": "site_stricter", "fn_name": "std.regex::_add_state", "ledger_verdict": "must_not_drop", "local": "__match_scrut_tmpt188", "program_point": ["match_arm_5", 2], "raw_state": "live", "site": "match_cleanup", "site_reason": "needs_drop", "site_verdict": "must_drop"}
[drift:ownership_ledger] {"classification": "site_stricter", "fn_name": "std.regex::_add_state", "ledger_verdict": "must_not_drop", "local": "__match_scrut_tmpt230", "program_point": ["match_arm_6", 14], "raw_state": "live", "site": "match_cleanup", "site_reason": "needs_drop", "site_verdict": "must_drop"}
[drift:ownership_ledger] {"classification": "site_stricter", "fn_name": "std.regex::_add_state", "ledger_verdict": "must_not_drop", "local": "__match_scrut_tmpt281", "program_point": ["match_arm_7", 2], "raw_state": "live", "site": "match_cleanup", "site_reason": "needs_drop", "site_verdict": "must_drop"}
[drift:ownership_ledger] {"classification": "site_stricter", "fn_name": "std.regex::_add_state", "ledger_verdict": "must_not_drop", "local": "__match_scrut_tmpt323", "program_point": ["match_arm_8", 2], "raw_state": "live", "site": "match_cleanup", "site_reason": "needs_drop", "site_verdict": "must_drop"}
[drift:ownership_ledger] {"classification": "site_stricter", "fn_name": "std.regex::_byte_matches", "ledger_verdict": "must_not_drop", "local": "__match_scrut_tmpt41", "program_point": ["match_arm_0", 6], "raw_state": "live", "site": "match_cleanup", "site_reason": "needs_drop", "site_verdict": "must_drop"}
[drift:ownership_ledger] {"classification": "site_stricter", "fn_name": "std.regex::_byte_matches", "ledger_verdict": "must_not_drop", "local": "__match_scrut_tmpt50", "program_point": ["match_arm_1", 2], "raw_state": "live", "site": "match_cleanup", "site_reason": "needs_drop", "site_verdict": "must_drop"}
[drift:ownership_ledger] {"classification": "site_stricter", "fn_name": "std.regex::_byte_matches", "ledger_verdict": "must_not_drop", "local": "__match_scrut_tmpt54", "program_point": ["match_arm_2", 14], "raw_state": "live", "site": "match_cleanup", "site_reason": "needs_drop", "site_verdict": "must_drop"}
[drift:ownership_ledger] {"classification": "site_stricter", "fn_name": "std.regex::_byte_matches", "ledger_verdict": "must_not_drop", "local": "__match_scrut_tmpt113", "program_point": ["match_arm_3", 10], "raw_state": "live", "site": "match_cleanup", "site_reason": "needs_drop", "site_verdict": "must_drop"}
[drift:ownership_ledger] {"classification": "site_stricter", "fn_name": "std.regex::_byte_matches", "ledger_verdict": "must_not_drop", "local": "__match_scrut_tmpt123", "program_point": ["match_arm_4", 6], "raw_state": "live", "site": "match_cleanup", "site_reason": "needs_drop", "site_verdict": "must_drop"}
[drift:ownership_ledger] {"classification": "site_stricter", "fn_name": "std.regex::_byte_matches", "ledger_verdict": "must_not_drop", "local": "__match_scrut_tmpt130", "program_point": ["match_arm_5", 2], "raw_state": "live", "site": "match_cleanup", "site_reason": "needs_drop", "site_verdict": "must_drop"}
[drift:ownership_ledger] {"classification": "site_stricter", "fn_name": "std.regex::_byte_matches", "ledger_verdict": "must_not_drop", "local": "__match_scrut_tmpt134", "program_point": ["match_arm_6", 2], "raw_state": "live", "site": "match_cleanup", "site_reason": "needs_drop", "site_verdict": "must_drop"}
[drift:ownership_ledger] {"classification": "site_stricter", "fn_name": "std.regex::_byte_matches", "ledger_verdict": "must_not_drop", "local": "__match_scrut_tmpt138", "program_point": ["match_arm_7", 2], "raw_state": "live", "site": "match_cleanup", "site_reason": "needs_drop", "site_verdict": "must_drop"}
[drift:ownership_ledger] {"classification": "site_stricter", "fn_name": "std.regex::_byte_matches", "ledger_verdict": "must_not_drop", "local": "__match_scrut_tmpt142", "program_point": ["match_arm_8", 2], "raw_state": "live", "site": "match_cleanup", "site_reason": "needs_drop", "site_verdict": "must_drop"}
[drift:ownership_ledger] {"classification": "agree", "fn_name": "std.regex::_try_match_at", "ledger_verdict": "must_drop", "local": "seeds", "program_point": ["if_join5", 4], "raw_state": "live", "site": "scope_drop", "site_reason": "needs_drop", "site_verdict": "must_drop"}
[drift:ownership_ledger] {"classification": "agree", "fn_name": "std.regex::_try_match_at", "ledger_verdict": "must_drop", "local": "clist", "program_point": ["loop_exit", 1], "raw_state": "live", "site": "scope_drop", "site_reason": "needs_drop", "site_verdict": "must_drop"}
[drift:ownership_ledger] {"classification": "agree", "fn_name": "std.regex::_try_match_at", "ledger_verdict": "must_drop", "local": "bitmap", "program_point": ["loop_exit", 3], "raw_state": "live", "site": "scope_drop", "site_reason": "needs_drop", "site_verdict": "must_drop"}
[drift:ownership_ledger] {"classification": "agree", "fn_name": "std.regex::_substr", "ledger_verdict": "must_drop", "local": "b", "program_point": ["loop_exit", 4], "raw_state": "live", "site": "scope_drop", "site_reason": "needs_drop", "site_verdict": "must_drop"}
[drift:ownership_ledger] {"classification": "site_stricter", "fn_name": "std.regex::replace_first", "ledger_verdict": "must_not_drop", "local": "__match_scrut_tmpt11", "program_point": ["match_arm_0", 8], "raw_state": "live", "site": "match_cleanup", "site_reason": "needs_drop", "site_verdict": "must_drop"}
[drift:ownership_ledger] {"classification": "site_stricter", "fn_name": "std.regex::replace_first", "ledger_verdict": "must_not_drop", "local": "__match_scrut_tmpt40", "program_point": ["match_arm_1", 4], "raw_state": "live", "site": "match_cleanup", "site_reason": "needs_drop", "site_verdict": "must_drop"}
[drift:ownership_ledger] {"classification": "site_stricter", "fn_name": "std.regex::replace_all", "ledger_verdict": "must_not_drop", "local": "__match_scrut_tmpt18", "program_point": ["match_arm_0", 8], "raw_state": "live", "site": "match_cleanup", "site_reason": "needs_drop", "site_verdict": "must_drop"}
[drift:ownership_ledger] {"classification": "site_stricter", "fn_name": "std.regex::replace_all", "ledger_verdict": "must_not_drop", "local": "__match_scrut_tmpt62", "program_point": ["match_arm_1", 4], "raw_state": "live", "site": "match_cleanup", "site_reason": "needs_drop", "site_verdict": "must_drop"}
[drift:ownership_ledger] {"classification": "agree", "fn_name": "std.regex::RegexError::std.core.Throw::throw_self", "ledger_verdict": "must_drop", "local": "self", "program_point": ["entry", 8], "raw_state": "live", "site": "scope_drop", "site_reason": "needs_drop", "site_verdict": "must_drop"}
[drift:ownership_ledger] {"classification": "agree", "fn_name": "std.runtime::TypeBox::std.core.Destructible::destroy", "ledger_verdict": "must_drop", "local": "self", "program_point": ["if_then", 0], "raw_state": "live", "site": "scope_drop", "site_reason": "needs_drop", "site_verdict": "must_drop"}
[drift:ownership_ledger] {"classification": "agree", "fn_name": "std.runtime::TypeBox::std.core.Destructible::destroy", "ledger_verdict": "must_drop", "local": "self", "program_point": ["if_join", 9], "raw_state": "live", "site": "scope_drop", "site_reason": "needs_drop", "site_verdict": "must_drop"}
[drift:ownership_ledger] {"classification": "ledger_stricter", "fn_name": "std.text::utf8_from_bytes_range", "ledger_verdict": "must_drop", "local": "__match_scrut_tmpt11", "program_point": ["match_arm_0", 9], "raw_state": "live", "site": "match_cleanup", "site_reason": "field_moved", "site_verdict": "must_not_drop"}
[drift:ownership_ledger] {"classification": "agree", "fn_name": "std.text::utf8_from_bytes_range", "ledger_verdict": "must_not_drop", "local": "__match_binder_1_e", "program_point": ["match_arm_0", 11], "raw_state": "moved_out", "site": "scope_drop", "site_reason": "moved", "site_verdict": "must_not_drop"}
[drift:ownership_ledger] {"classification": "agree", "fn_name": "std.text::utf8_from_bytes_range", "ledger_verdict": "must_drop", "local": "__match_scrut_tmpt21", "program_point": ["match_arm_1", 8], "raw_state": "live", "site": "match_cleanup", "site_reason": "needs_drop", "site_verdict": "must_drop"}
[drift:ownership_ledger] {"classification": "agree", "fn_name": "std.text::utf8_from_bytes_range", "ledger_verdict": "must_drop", "local": "b", "program_point": ["loop_exit", 6], "raw_state": "live", "site": "scope_drop", "site_reason": "needs_drop", "site_verdict": "must_drop"}
[drift:ownership_ledger] {"classification": "agree", "fn_name": "std.text::substring", "ledger_verdict": "must_drop", "local": "b", "program_point": ["loop_exit", 5], "raw_state": "live", "site": "scope_drop", "site_reason": "needs_drop", "site_verdict": "must_drop"}
[drift:ownership_ledger] {"classification": "agree", "fn_name": "std.text::lower", "ledger_verdict": "must_drop", "local": "buf", "program_point": ["loop_exit", 3], "raw_state": "live", "site": "scope_drop", "site_reason": "needs_drop", "site_verdict": "must_drop"}
[drift:ownership_ledger] {"classification": "agree", "fn_name": "std.text::upper", "ledger_verdict": "must_drop", "local": "buf", "program_point": ["loop_exit", 3], "raw_state": "live", "site": "scope_drop", "site_reason": "needs_drop", "site_verdict": "must_drop"}
[drift:ownership_ledger] {"classification": "agree", "fn_name": "std.text::trim", "ledger_verdict": "must_drop", "local": "buf", "program_point": ["loop_exit2", 3], "raw_state": "live", "site": "scope_drop", "site_reason": "needs_drop", "site_verdict": "must_drop"}
[drift:ownership_ledger] {"classification": "agree", "fn_name": "std.text::trim_start", "ledger_verdict": "must_drop", "local": "buf", "program_point": ["loop_exit1", 3], "raw_state": "live", "site": "scope_drop", "site_reason": "needs_drop", "site_verdict": "must_drop"}
[drift:ownership_ledger] {"classification": "agree", "fn_name": "std.text::trim_end", "ledger_verdict": "must_drop", "local": "buf", "program_point": ["loop_exit1", 3], "raw_state": "live", "site": "scope_drop", "site_reason": "needs_drop", "site_verdict": "must_drop"}
[drift:ownership_ledger] {"classification": "agree", "fn_name": "std.text::strip", "ledger_verdict": "must_drop", "local": "buf", "program_point": ["loop_exit2", 3], "raw_state": "live", "site": "scope_drop", "site_reason": "needs_drop", "site_verdict": "must_drop"}
[drift:ownership_ledger] {"classification": "agree", "fn_name": "std.text::char_at", "ledger_verdict": "must_drop", "local": "buf", "program_point": ["if_join", 14], "raw_state": "live", "site": "scope_drop", "site_reason": "needs_drop", "site_verdict": "must_drop"}
[drift:ownership_ledger] {"classification": "agree", "fn_name": "std.text::split", "ledger_verdict": "must_drop", "local": "buf", "program_point": ["array_cap_join2", 11], "raw_state": "live", "site": "scope_drop", "site_reason": "needs_drop", "site_verdict": "must_drop"}
[drift:ownership_ledger] {"classification": "agree", "fn_name": "std.text::split", "ledger_verdict": "must_not_drop", "local": "arr", "program_point": ["loop_exit", 1], "raw_state": "moved_out", "site": "scope_drop", "site_reason": "moved", "site_verdict": "must_not_drop"}
[drift:ownership_ledger] {"classification": "agree", "fn_name": "std.text::split", "ledger_verdict": "must_not_drop", "local": "arr__b171", "program_point": ["if_then3", 8], "raw_state": "moved_out", "site": "scope_drop", "site_reason": "moved", "site_verdict": "must_not_drop"}
[drift:ownership_ledger] {"classification": "agree", "fn_name": "std.text::split", "ledger_verdict": "must_not_drop", "local": "arr__b171", "program_point": ["loop_exit1", 1], "raw_state": "moved_out", "site": "scope_drop", "site_reason": "moved", "site_verdict": "must_not_drop"}
[drift:ownership_ledger] {"classification": "agree", "fn_name": "std.text::split_limit", "ledger_verdict": "must_not_drop", "local": "arr", "program_point": ["array_cap_join2", 8], "raw_state": "moved_out", "site": "scope_drop", "site_reason": "moved", "site_verdict": "must_not_drop"}
[drift:ownership_ledger] {"classification": "agree", "fn_name": "std.text::split_limit", "ledger_verdict": "must_not_drop", "local": "arr__b180", "program_point": ["if_then2", 8], "raw_state": "moved_out", "site": "scope_drop", "site_reason": "moved", "site_verdict": "must_not_drop"}
[drift:ownership_ledger] {"classification": "agree", "fn_name": "std.text::split_limit", "ledger_verdict": "must_not_drop", "local": "arr__b180", "program_point": ["loop_exit", 8], "raw_state": "moved_out", "site": "scope_drop", "site_reason": "moved", "site_verdict": "must_not_drop"}
[drift:ownership_ledger] {"classification": "agree", "fn_name": "std.text::_push_slice", "ledger_verdict": "must_drop", "local": "buf", "program_point": ["array_cap_join21", 7], "raw_state": "live", "site": "scope_drop", "site_reason": "needs_drop", "site_verdict": "must_drop"}
[drift:ownership_ledger] {"classification": "agree", "fn_name": "std.text::replace", "ledger_verdict": "must_drop", "local": "sb", "program_point": ["if_then2", 9], "raw_state": "live", "site": "scope_drop", "site_reason": "needs_drop", "site_verdict": "must_drop"}
[drift:ownership_ledger] {"classification": "agree", "fn_name": "std.text::replace", "ledger_verdict": "must_drop", "local": "sb", "program_point": ["loop_exit", 2], "raw_state": "live", "site": "scope_drop", "site_reason": "needs_drop", "site_verdict": "must_drop"}
[drift:ownership_ledger] {"classification": "agree", "fn_name": "std.text::replace_first", "ledger_verdict": "must_drop", "local": "sb", "program_point": ["if_join1", 24], "raw_state": "live", "site": "scope_drop", "site_reason": "needs_drop", "site_verdict": "must_drop"}
[drift:ownership_ledger] {"classification": "agree", "fn_name": "std.text::repeat", "ledger_verdict": "must_drop", "local": "buf", "program_point": ["loop_exit", 3], "raw_state": "live", "site": "scope_drop", "site_reason": "needs_drop", "site_verdict": "must_drop"}
[drift:ownership_ledger] {"classification": "agree", "fn_name": "std.text::reverse", "ledger_verdict": "must_drop", "local": "buf", "program_point": ["loop_exit", 3], "raw_state": "live", "site": "scope_drop", "site_reason": "needs_drop", "site_verdict": "must_drop"}
[drift:ownership_ledger] {"classification": "agree", "fn_name": "std.text::pad_start", "ledger_verdict": "must_drop", "local": "buf", "program_point": ["loop_exit1", 3], "raw_state": "live", "site": "scope_drop", "site_reason": "needs_drop", "site_verdict": "must_drop"}
[drift:ownership_ledger] {"classification": "agree", "fn_name": "std.text::pad_end", "ledger_verdict": "must_drop", "local": "buf", "program_point": ["loop_exit1", 3], "raw_state": "live", "site": "scope_drop", "site_reason": "needs_drop", "site_verdict": "must_drop"}
[drift:ownership_ledger] {"classification": "agree", "fn_name": "std.text::join", "ledger_verdict": "must_drop", "local": "sb", "program_point": ["loop_exit", 2], "raw_state": "live", "site": "scope_drop", "site_reason": "needs_drop", "site_verdict": "must_drop"}
[drift:ownership_ledger] {"classification": "agree", "fn_name": "std.text::Utf8Error::std.core.Throw::throw_self", "ledger_verdict": "must_drop", "local": "self", "program_point": ["entry", 8], "raw_state": "live", "site": "scope_drop", "site_reason": "needs_drop", "site_verdict": "must_drop"}
[drift:ownership_ledger] {"classification": "agree", "fn_name": "std.text::TextError::std.core.Throw::throw_self", "ledger_verdict": "must_drop", "local": "self", "program_point": ["entry", 8], "raw_state": "live", "site": "scope_drop", "site_reason": "needs_drop", "site_verdict": "must_drop"}
[drift:ownership_ledger] {"classification": "agree", "fn_name": "std.text::StringBuilder::std.core.Destructible::destroy", "ledger_verdict": "must_drop", "local": "self", "program_point": ["if_join", 0], "raw_state": "live", "site": "scope_drop", "site_reason": "needs_drop", "site_verdict": "must_drop"}
[drift:ownership_ledger] {"classification": "agree", "fn_name": "std.time::TimeParseError::std.core.Throw::throw_self", "ledger_verdict": "must_drop", "local": "self", "program_point": ["entry", 8], "raw_state": "live", "site": "scope_drop", "site_reason": "needs_drop", "site_verdict": "must_drop"}
[drift:ownership_ledger] {"classification": "agree", "fn_name": "std.concurrent::_arc_destroy_impl__inst__83a9b680f05e76c8", "ledger_verdict": "must_drop", "local": "self", "program_point": ["if_then", 0], "raw_state": "live", "site": "scope_drop", "site_reason": "needs_drop", "site_verdict": "must_drop"}
[drift:ownership_ledger] {"classification": "agree", "fn_name": "std.concurrent::_arc_destroy_impl__inst__83a9b680f05e76c8", "ledger_verdict": "must_drop", "local": "self", "program_point": ["if_join1", 0], "raw_state": "live", "site": "scope_drop", "site_reason": "needs_drop", "site_verdict": "must_drop"}
[drift:ownership_ledger] {"classification": "agree", "fn_name": "std.concurrent::_arc_destroy_impl__inst__12babae0e2028f2d", "ledger_verdict": "must_drop", "local": "self", "program_point": ["if_then", 0], "raw_state": "live", "site": "scope_drop", "site_reason": "needs_drop", "site_verdict": "must_drop"}
[drift:ownership_ledger] {"classification": "agree", "fn_name": "std.concurrent::_arc_destroy_impl__inst__12babae0e2028f2d", "ledger_verdict": "must_drop", "local": "self", "program_point": ["if_join1", 0], "raw_state": "live", "site": "scope_drop", "site_reason": "needs_drop", "site_verdict": "must_drop"}
[drift:ownership_ledger] {"classification": "agree", "fn_name": "std.concurrent::VirtualThread<T>::std.core.Destructible::destroy__inst__2583a2a882c9f565", "ledger_verdict": "must_drop", "local": "self", "program_point": ["if_then", 0], "raw_state": "live", "site": "scope_drop", "site_reason": "needs_drop", "site_verdict": "must_drop"}
[drift:ownership_ledger] {"classification": "agree", "fn_name": "std.concurrent::VirtualThread<T>::std.core.Destructible::destroy__inst__2583a2a882c9f565", "ledger_verdict": "must_drop", "local": "self", "program_point": ["if_join1", 16], "raw_state": "live", "site": "scope_drop", "site_reason": "needs_drop", "site_verdict": "must_drop"}
[drift:ownership_ledger] {"classification": "site_stricter", "fn_name": "std.containers::Deque<T>::std.core.Destructible::destroy__inst__b5ece4e1410c30a3", "ledger_verdict": "must_not_drop", "local": "__match_scrut_tmpt9", "program_point": ["match_arm_0", 8], "raw_state": "live", "site": "match_cleanup", "site_reason": "needs_drop", "site_verdict": "must_drop"}
[drift:ownership_ledger] {"classification": "site_stricter", "fn_name": "std.containers::Deque<T>::std.core.Destructible::destroy__inst__b5ece4e1410c30a3", "ledger_verdict": "must_not_drop", "local": "__match_scrut_tmpt17", "program_point": ["match_arm_1", 4], "raw_state": "live", "site": "match_cleanup", "site_reason": "needs_drop", "site_verdict": "must_drop"}
[drift:ownership_ledger] {"classification": "agree", "fn_name": "std.containers::Deque<T>::std.core.Destructible::destroy__inst__b5ece4e1410c30a3", "ledger_verdict": "must_drop", "local": "self", "program_point": ["loop_exit", 16], "raw_state": "live", "site": "scope_drop", "site_reason": "needs_drop", "site_verdict": "must_drop"}
[drift:ownership_ledger] {"classification": "agree", "fn_name": "std.containers::HashMapCore<K, V, B>::std.core.Destructible::destroy__inst__dce37899004fe396", "ledger_verdict": "must_drop", "local": "self", "program_point": ["entry", 52], "raw_state": "live", "site": "scope_drop", "site_reason": "needs_drop", "site_verdict": "must_drop"}
[drift:ownership_ledger] {"classification": "agree", "fn_name": "std.containers::HashMapCore<K, V, B>::std.core.Destructible::destroy__inst__436b9ffaccb727e0", "ledger_verdict": "must_drop", "local": "self", "program_point": ["entry", 52], "raw_state": "live", "site": "scope_drop", "site_reason": "needs_drop", "site_verdict": "must_drop"}
[drift:ownership_ledger] {"classification": "agree", "fn_name": "std.containers::Array<T>::with_capacity__inst__02ffeea2fb430684", "ledger_verdict": "must_not_drop", "local": "out", "program_point": ["if_join", 1], "raw_state": "moved_out", "site": "scope_drop", "site_reason": "moved", "site_verdict": "must_not_drop"}
[drift:ownership_ledger] {"classification": "agree", "fn_name": "std.containers::Array<T>::with_capacity__inst__4a1a4e9a01d8eb91", "ledger_verdict": "must_not_drop", "local": "out", "program_point": ["if_join", 1], "raw_state": "moved_out", "site": "scope_drop", "site_reason": "moved", "site_verdict": "must_not_drop"}
[drift:ownership_ledger] {"classification": "agree", "fn_name": "std.containers::Array<T>::with_capacity__inst__81ae97d36cfe554a", "ledger_verdict": "must_not_drop", "local": "out", "program_point": ["if_join", 1], "raw_state": "moved_out", "site": "scope_drop", "site_reason": "moved", "site_verdict": "must_not_drop"}
[drift:ownership_ledger] {"classification": "agree", "fn_name": "std.runtime::GlobalRegistry::set__inst__bfec1c7b542683e6", "ledger_verdict": "must_not_drop", "local": "dropper", "program_point": ["if_then", 9], "raw_state": "moved_out", "site": "scope_drop", "site_reason": "moved", "site_verdict": "must_not_drop"}
[drift:ownership_ledger] {"classification": "agree", "fn_name": "std.runtime::GlobalRegistry::set__inst__bfec1c7b542683e6", "ledger_verdict": "must_not_drop", "local": "dropper", "program_point": ["if_join", 1], "raw_state": "moved_out", "site": "scope_drop", "site_reason": "moved", "site_verdict": "must_not_drop"}
[drift:ownership_ledger] {"classification": "agree", "fn_name": "std.runtime::GlobalRegistry::set__inst__61d9e48f97e4ad5c", "ledger_verdict": "must_not_drop", "local": "dropper", "program_point": ["if_then", 9], "raw_state": "moved_out", "site": "scope_drop", "site_reason": "moved", "site_verdict": "must_not_drop"}
[drift:ownership_ledger] {"classification": "agree", "fn_name": "std.runtime::GlobalRegistry::set__inst__61d9e48f97e4ad5c", "ledger_verdict": "must_not_drop", "local": "dropper", "program_point": ["if_join", 1], "raw_state": "moved_out", "site": "scope_drop", "site_reason": "moved", "site_verdict": "must_not_drop"}
[drift:ownership_ledger] {"classification": "agree", "fn_name": "std.runtime::GlobalRegistry::set__inst__e8a82c4b96da1e6b", "ledger_verdict": "must_not_drop", "local": "dropper", "program_point": ["if_then", 9], "raw_state": "moved_out", "site": "scope_drop", "site_reason": "moved", "site_verdict": "must_not_drop"}
[drift:ownership_ledger] {"classification": "agree", "fn_name": "std.runtime::GlobalRegistry::set__inst__e8a82c4b96da1e6b", "ledger_verdict": "must_not_drop", "local": "dropper", "program_point": ["if_join", 1], "raw_state": "moved_out", "site": "scope_drop", "site_reason": "moved", "site_verdict": "must_not_drop"}
[drift:ownership_ledger] {"classification": "agree", "fn_name": "std.containers::HashMapCore<K, V, B>::insert__inst__0fca5ff987c31bd3", "ledger_verdict": "must_not_drop", "local": "value", "program_point": ["if_then", 5], "raw_state": "moved_out", "site": "scope_drop", "site_reason": "moved", "site_verdict": "must_not_drop"}
[drift:ownership_ledger] {"classification": "agree", "fn_name": "std.containers::HashMapCore<K, V, B>::insert__inst__0fca5ff987c31bd3", "ledger_verdict": "must_not_drop", "local": "old", "program_point": ["if_then1", 8], "raw_state": "moved_out", "site": "scope_drop", "site_reason": "moved", "site_verdict": "must_not_drop"}
[drift:ownership_ledger] {"classification": "agree", "fn_name": "std.containers::HashMapCore<K, V, B>::insert__inst__0fca5ff987c31bd3", "ledger_verdict": "must_not_drop", "local": "value", "program_point": ["if_then1", 8], "raw_state": "moved_out", "site": "scope_drop", "site_reason": "moved", "site_verdict": "must_not_drop"}
[drift:ownership_ledger] {"classification": "agree", "fn_name": "std.containers::HashMapCore<K, V, B>::insert__inst__0fca5ff987c31bd3", "ledger_verdict": "must_not_drop", "local": "value", "program_point": ["if_join1", 25], "raw_state": "moved_out", "site": "scope_drop", "site_reason": "moved", "site_verdict": "must_not_drop"}
[drift:ownership_ledger] {"classification": "agree", "fn_name": "std.concurrent::arc__inst__737b4ce3c4c08500", "ledger_verdict": "must_not_drop", "local": "box", "program_point": ["entry", 21], "raw_state": "moved_out", "site": "scope_drop", "site_reason": "moved", "site_verdict": "must_not_drop"}
[drift:ownership_ledger] {"classification": "agree", "fn_name": "std.concurrent::arc__inst__737b4ce3c4c08500", "ledger_verdict": "must_not_drop", "local": "value", "program_point": ["entry", 21], "raw_state": "moved_out", "site": "scope_drop", "site_reason": "moved", "site_verdict": "must_not_drop"}
[drift:ownership_ledger] {"classification": "agree", "fn_name": "std.containers::HashMapCore<K, V, B>::insert__inst__2a88af21a4dc7ca3", "ledger_verdict": "must_not_drop", "local": "value", "program_point": ["if_then", 5], "raw_state": "moved_out", "site": "scope_drop", "site_reason": "moved", "site_verdict": "must_not_drop"}
[drift:ownership_ledger] {"classification": "agree", "fn_name": "std.containers::HashMapCore<K, V, B>::insert__inst__2a88af21a4dc7ca3", "ledger_verdict": "must_not_drop", "local": "old", "program_point": ["if_then1", 8], "raw_state": "moved_out", "site": "scope_drop", "site_reason": "moved", "site_verdict": "must_not_drop"}
[drift:ownership_ledger] {"classification": "agree", "fn_name": "std.containers::HashMapCore<K, V, B>::insert__inst__2a88af21a4dc7ca3", "ledger_verdict": "must_not_drop", "local": "value", "program_point": ["if_then1", 8], "raw_state": "moved_out", "site": "scope_drop", "site_reason": "moved", "site_verdict": "must_not_drop"}
[drift:ownership_ledger] {"classification": "agree", "fn_name": "std.containers::HashMapCore<K, V, B>::insert__inst__2a88af21a4dc7ca3", "ledger_verdict": "must_not_drop", "local": "value", "program_point": ["if_join1", 25], "raw_state": "moved_out", "site": "scope_drop", "site_reason": "moved", "site_verdict": "must_not_drop"}
[drift:ownership_ledger] {"classification": "agree", "fn_name": "std.sync::mpsc_queue__inst__b116561bf03aa8d0", "ledger_verdict": "must_not_drop", "local": "states", "program_point": ["loop_exit", 9], "raw_state": "moved_out", "site": "scope_drop", "site_reason": "moved", "site_verdict": "must_not_drop"}
[drift:ownership_ledger] {"classification": "agree", "fn_name": "std.sync::mpsc_queue__inst__b116561bf03aa8d0", "ledger_verdict": "must_not_drop", "local": "slots", "program_point": ["loop_exit", 9], "raw_state": "moved_out", "site": "scope_drop", "site_reason": "moved", "site_verdict": "must_not_drop"}
[drift:ownership_ledger] {"classification": "site_stricter", "fn_name": "std.containers::HashMapIter<K, V, B>::std.iter.SinglePassIterator<HashMapItemRef<K, V>>::next__inst__1ae9cea44e1b2752", "ledger_verdict": "must_not_drop", "local": "v", "program_point": ["if_then1", 16], "raw_state": "live", "site": "scope_drop", "site_reason": "needs_drop", "site_verdict": "must_drop"}
[drift:ownership_ledger] {"classification": "agree", "fn_name": "std.containers::Array<T>::with_capacity__inst__26b735f7916392bb", "ledger_verdict": "must_not_drop", "local": "out", "program_point": ["if_join", 1], "raw_state": "moved_out", "site": "scope_drop", "site_reason": "moved", "site_verdict": "must_not_drop"}
[drift:ownership_ledger] {"classification": "agree", "fn_name": "std.containers::Array<T>::with_capacity__inst__6b08b0c3f6f4cca6", "ledger_verdict": "must_not_drop", "local": "out", "program_point": ["if_join", 1], "raw_state": "moved_out", "site": "scope_drop", "site_reason": "moved", "site_verdict": "must_not_drop"}
[drift:ownership_ledger] {"classification": "agree", "fn_name": "std.containers::Array<T>::with_capacity__inst__90a29e9df9b3b67b", "ledger_verdict": "must_not_drop", "local": "out", "program_point": ["if_join", 1], "raw_state": "moved_out", "site": "scope_drop", "site_reason": "moved", "site_verdict": "must_not_drop"}
[drift:ownership_ledger] {"classification": "agree", "fn_name": "std.containers::Array<T>::with_capacity__inst__acdfad049b91ab11", "ledger_verdict": "must_not_drop", "local": "out", "program_point": ["if_join", 1], "raw_state": "moved_out", "site": "scope_drop", "site_reason": "moved", "site_verdict": "must_not_drop"}
[drift:ownership_ledger] {"classification": "agree", "fn_name": "std.containers::Array<T>::with_capacity__inst__cb5e9dce4443bfc7", "ledger_verdict": "must_not_drop", "local": "out", "program_point": ["if_join", 1], "raw_state": "moved_out", "site": "scope_drop", "site_reason": "moved", "site_verdict": "must_not_drop"}
[drift:ownership_ledger] {"classification": "agree", "fn_name": "std.containers::Array<T>::with_capacity__inst__8389d79179e7f2ea", "ledger_verdict": "must_not_drop", "local": "out", "program_point": ["if_join", 1], "raw_state": "moved_out", "site": "scope_drop", "site_reason": "moved", "site_verdict": "must_not_drop"}
[drift:ownership_ledger] {"classification": "agree", "fn_name": "std.containers::HashMapCore<K, V, B>::ensure_capacity__inst__2817b8571255cf47", "ledger_verdict": "must_not_drop", "local": "v", "program_point": ["if_then9", 1], "raw_state": "moved_out", "site": "scope_drop", "site_reason": "moved", "site_verdict": "must_not_drop"}
[drift:ownership_ledger] {"classification": "agree", "fn_name": "std.containers::HashMapCore<K, V, B>::ensure_capacity__inst__2817b8571255cf47", "ledger_verdict": "must_not_drop", "local": "v", "program_point": ["if_join9", 0], "raw_state": "moved_out", "site": "scope_drop", "site_reason": "moved", "site_verdict": "must_not_drop"}
[drift:ownership_ledger] {"classification": "agree", "fn_name": "std.containers::HashMapCore<K, V, B>::replace_value__inst__96aa3062c51bb884", "ledger_verdict": "must_not_drop", "local": "old", "program_point": ["entry", 16], "raw_state": "moved_out", "site": "scope_drop", "site_reason": "moved", "site_verdict": "must_not_drop"}
[drift:ownership_ledger] {"classification": "agree", "fn_name": "std.containers::HashMapCore<K, V, B>::replace_value__inst__96aa3062c51bb884", "ledger_verdict": "must_not_drop", "local": "value", "program_point": ["entry", 16], "raw_state": "moved_out", "site": "scope_drop", "site_reason": "moved", "site_verdict": "must_not_drop"}
[drift:ownership_ledger] {"classification": "agree", "fn_name": "std.containers::HashMapCore<K, V, B>::write_entry__inst__c5cc72fd18aa4121", "ledger_verdict": "must_not_drop", "local": "value", "program_point": ["entry", 25], "raw_state": "moved_out", "site": "scope_drop", "site_reason": "moved", "site_verdict": "must_not_drop"}
[drift:ownership_ledger] {"classification": "ledger_stricter", "fn_name": "std.concurrent::_arc_drop_thunk_for__inst__ac0546f3a09cf76d", "ledger_verdict": "must_drop", "local": "inner", "program_point": ["entry", 13], "raw_state": "live", "site": "scope_drop", "site_reason": "moved", "site_verdict": "must_not_drop"}
[drift:ownership_ledger] {"classification": "agree", "fn_name": "std.containers::HashMapCore<K, V, B>::ensure_capacity__inst__cbbb367e148d7056", "ledger_verdict": "must_not_drop", "local": "v", "program_point": ["if_then9", 1], "raw_state": "moved_out", "site": "scope_drop", "site_reason": "moved", "site_verdict": "must_not_drop"}
[drift:ownership_ledger] {"classification": "agree", "fn_name": "std.containers::HashMapCore<K, V, B>::ensure_capacity__inst__cbbb367e148d7056", "ledger_verdict": "must_not_drop", "local": "v", "program_point": ["if_join9", 0], "raw_state": "moved_out", "site": "scope_drop", "site_reason": "moved", "site_verdict": "must_not_drop"}
[drift:ownership_ledger] {"classification": "agree", "fn_name": "std.containers::HashMapCore<K, V, B>::replace_value__inst__170ef1a90d9a0b3a", "ledger_verdict": "must_not_drop", "local": "old", "program_point": ["entry", 16], "raw_state": "moved_out", "site": "scope_drop", "site_reason": "moved", "site_verdict": "must_not_drop"}
[drift:ownership_ledger] {"classification": "agree", "fn_name": "std.containers::HashMapCore<K, V, B>::replace_value__inst__170ef1a90d9a0b3a", "ledger_verdict": "must_not_drop", "local": "value", "program_point": ["entry", 16], "raw_state": "moved_out", "site": "scope_drop", "site_reason": "moved", "site_verdict": "must_not_drop"}
[drift:ownership_ledger] {"classification": "agree", "fn_name": "std.containers::HashMapCore<K, V, B>::write_entry__inst__74c6e05b477ceb55", "ledger_verdict": "must_not_drop", "local": "value", "program_point": ["entry", 25], "raw_state": "moved_out", "site": "scope_drop", "site_reason": "moved", "site_verdict": "must_not_drop"}
[drift:ownership_ledger] {"classification": "agree", "fn_name": "std.containers::HashMapCore<K, V, B>::_insert_into_buffers__inst__f6ec7e9d0e42756c", "ledger_verdict": "must_not_drop", "local": "value", "program_point": ["if_then", 5], "raw_state": "moved_out", "site": "scope_drop", "site_reason": "moved", "site_verdict": "must_not_drop"}
[drift:ownership_ledger] {"classification": "agree", "fn_name": "std.containers::HashMapCore<K, V, B>::_insert_into_buffers__inst__f6ec7e9d0e42756c", "ledger_verdict": "must_not_drop", "local": "value", "program_point": ["if_then2", 21], "raw_state": "moved_out", "site": "scope_drop", "site_reason": "moved", "site_verdict": "must_not_drop"}
[drift:ownership_ledger] {"classification": "agree", "fn_name": "std.containers::HashMapCore<K, V, B>::_insert_into_buffers__inst__f6ec7e9d0e42756c", "ledger_verdict": "must_not_drop", "local": "value", "program_point": ["loop_exit", 5], "raw_state": "moved_out", "site": "scope_drop", "site_reason": "moved", "site_verdict": "must_not_drop"}
[drift:ownership_ledger] {"classification": "agree", "fn_name": "std.containers::HashMapCore<K, V, B>::_insert_into_buffers__inst__b84070a730a278cd", "ledger_verdict": "must_not_drop", "local": "value", "program_point": ["if_then", 5], "raw_state": "moved_out", "site": "scope_drop", "site_reason": "moved", "site_verdict": "must_not_drop"}
[drift:ownership_ledger] {"classification": "agree", "fn_name": "std.containers::HashMapCore<K, V, B>::_insert_into_buffers__inst__b84070a730a278cd", "ledger_verdict": "must_not_drop", "local": "value", "program_point": ["if_then2", 21], "raw_state": "moved_out", "site": "scope_drop", "site_reason": "moved", "site_verdict": "must_not_drop"}
[drift:ownership_ledger] {"classification": "agree", "fn_name": "std.containers::HashMapCore<K, V, B>::_insert_into_buffers__inst__b84070a730a278cd", "ledger_verdict": "must_not_drop", "local": "value", "program_point": ["loop_exit", 5], "raw_state": "moved_out", "site": "scope_drop", "site_reason": "moved", "site_verdict": "must_not_drop"}
[drift:ownership_ledger] {"classification": "agree", "fn_name": "check", "ledger_verdict": "must_not_drop", "local": "__match_binder_2__", "program_point": ["if_join", 3], "raw_state": "uninit", "site": "string_arc_return", "site_reason": "not_drop_needing", "site_verdict": "must_not_drop"}
[drift:ownership_ledger] {"classification": "agree", "fn_name": "check", "ledger_verdict": "must_not_drop", "local": "__match_binder_2__", "program_point": ["if_then", 3], "raw_state": "uninit", "site": "string_arc_return", "site_reason": "not_drop_needing", "site_verdict": "must_not_drop"}
[drift:ownership_ledger] {"classification": "agree", "fn_name": "check", "ledger_verdict": "must_not_drop", "local": "__match_binder_1_re", "program_point": ["match_arm_1", 14], "raw_state": "uninit", "site": "string_arc_return", "site_reason": "not_drop_needing", "site_verdict": "must_not_drop"}
[drift:ownership_ledger] {"classification": "agree", "fn_name": "check_match", "ledger_verdict": "must_not_drop", "local": "__match_binder_5__", "program_point": ["if_join1", 3], "raw_state": "uninit", "site": "string_arc_return", "site_reason": "not_drop_needing", "site_verdict": "must_not_drop"}
[drift:ownership_ledger] {"classification": "agree", "fn_name": "check_match", "ledger_verdict": "must_not_drop", "local": "__match_binder_5__", "program_point": ["if_then", 3], "raw_state": "uninit", "site": "string_arc_return", "site_reason": "not_drop_needing", "site_verdict": "must_not_drop"}
[drift:ownership_ledger] {"classification": "agree", "fn_name": "check_match", "ledger_verdict": "must_not_drop", "local": "__match_binder_5__", "program_point": ["if_then1", 5], "raw_state": "uninit", "site": "string_arc_return", "site_reason": "not_drop_needing", "site_verdict": "must_not_drop"}
[drift:ownership_ledger] {"classification": "agree", "fn_name": "check_match", "ledger_verdict": "must_not_drop", "local": "__match_binder_3_re", "program_point": ["match_arm_1", 14], "raw_state": "uninit", "site": "string_arc_return", "site_reason": "not_drop_needing", "site_verdict": "must_not_drop"}
[drift:ownership_ledger] {"classification": "agree", "fn_name": "check_match", "ledger_verdict": "must_not_drop", "local": "__match_binder_5__", "program_point": ["match_arm_11", 11], "raw_state": "uninit", "site": "string_arc_return", "site_reason": "not_drop_needing", "site_verdict": "must_not_drop"}
[drift:ownership_ledger] {"classification": "agree", "fn_name": "std.cli::_slice_string", "ledger_verdict": "must_not_drop", "local": "__match_binder_2__", "program_point": ["if_then", 1], "raw_state": "uninit", "site": "string_arc_return", "site_reason": "not_drop_needing", "site_verdict": "must_not_drop"}
[drift:ownership_ledger] {"classification": "agree", "fn_name": "std.cli::_slice_string", "ledger_verdict": "must_not_drop", "local": "__match_binder_2__", "program_point": ["match_arm_0", 13], "raw_state": "uninit", "site": "string_arc_return", "site_reason": "not_drop_needing", "site_verdict": "must_not_drop"}
[drift:ownership_ledger] {"classification": "agree", "fn_name": "std.cli::ArgParser::parse", "ledger_verdict": "must_not_drop", "local": "__match_binder_3_e", "program_point": ["if_join29", 6], "raw_state": "uninit", "site": "string_arc_return", "site_reason": "not_drop_needing", "site_verdict": "must_not_drop"}
[drift:ownership_ledger] {"classification": "agree", "fn_name": "std.cli::ArgParser::parse", "ledger_verdict": "must_not_drop", "local": "__match_binder_5__", "program_point": ["if_join29", 6], "raw_state": "uninit", "site": "string_arc_return", "site_reason": "not_drop_needing", "site_verdict": "must_not_drop"}
[drift:ownership_ledger] {"classification": "agree", "fn_name": "std.cli::ArgParser::parse", "ledger_verdict": "must_not_drop", "local": "__match_binder_7__", "program_point": ["if_join29", 6], "raw_state": "uninit", "site": "string_arc_return", "site_reason": "not_drop_needing", "site_verdict": "must_not_drop"}
[drift:ownership_ledger] {"classification": "agree", "fn_name": "std.cli::ArgParser::parse", "ledger_verdict": "must_not_drop", "local": "__match_binder_3_e", "program_point": ["if_then10", 13], "raw_state": "uninit", "site": "string_arc_return", "site_reason": "not_drop_needing", "site_verdict": "must_not_drop"}
[drift:ownership_ledger] {"classification": "agree", "fn_name": "std.cli::ArgParser::parse", "ledger_verdict": "must_not_drop", "local": "__match_binder_5__", "program_point": ["if_then10", 13], "raw_state": "uninit", "site": "string_arc_return", "site_reason": "not_drop_needing", "site_verdict": "must_not_drop"}
[drift:ownership_ledger] {"classification": "agree", "fn_name": "std.cli::ArgParser::parse", "ledger_verdict": "must_not_drop", "local": "__match_binder_7__", "program_point": ["if_then10", 13], "raw_state": "uninit", "site": "string_arc_return", "site_reason": "not_drop_needing", "site_verdict": "must_not_drop"}
[drift:ownership_ledger] {"classification": "agree", "fn_name": "std.cli::ArgParser::parse", "ledger_verdict": "must_not_drop", "local": "__match_binder_3_e", "program_point": ["if_then11", 13], "raw_state": "uninit", "site": "string_arc_return", "site_reason": "not_drop_needing", "site_verdict": "must_not_drop"}
[drift:ownership_ledger] {"classification": "agree", "fn_name": "std.cli::ArgParser::parse", "ledger_verdict": "must_not_drop", "local": "__match_binder_5__", "program_point": ["if_then11", 13], "raw_state": "uninit", "site": "string_arc_return", "site_reason": "not_drop_needing", "site_verdict": "must_not_drop"}
[drift:ownership_ledger] {"classification": "agree", "fn_name": "std.cli::ArgParser::parse", "ledger_verdict": "must_not_drop", "local": "__match_binder_7__", "program_point": ["if_then11", 13], "raw_state": "uninit", "site": "string_arc_return", "site_reason": "not_drop_needing", "site_verdict": "must_not_drop"}
[drift:ownership_ledger] {"classification": "agree", "fn_name": "std.cli::ArgParser::parse", "ledger_verdict": "must_not_drop", "local": "__match_binder_3_e", "program_point": ["if_then13", 13], "raw_state": "uninit", "site": "string_arc_return", "site_reason": "not_drop_needing", "site_verdict": "must_not_drop"}
[drift:ownership_ledger] {"classification": "agree", "fn_name": "std.cli::ArgParser::parse", "ledger_verdict": "must_not_drop", "local": "__match_binder_5__", "program_point": ["if_then13", 13], "raw_state": "uninit", "site": "string_arc_return", "site_reason": "not_drop_needing", "site_verdict": "must_not_drop"}
[drift:ownership_ledger] {"classification": "agree", "fn_name": "std.cli::ArgParser::parse", "ledger_verdict": "must_not_drop", "local": "__match_binder_7__", "program_point": ["if_then13", 13], "raw_state": "uninit", "site": "string_arc_return", "site_reason": "not_drop_needing", "site_verdict": "must_not_drop"}
[drift:ownership_ledger] {"classification": "agree", "fn_name": "std.cli::ArgParser::parse", "ledger_verdict": "must_not_drop", "local": "__match_binder_3_e", "program_point": ["if_then14", 13], "raw_state": "uninit", "site": "string_arc_return", "site_reason": "not_drop_needing", "site_verdict": "must_not_drop"}
[drift:ownership_ledger] {"classification": "agree", "fn_name": "std.cli::ArgParser::parse", "ledger_verdict": "must_not_drop", "local": "__match_binder_5__", "program_point": ["if_then14", 13], "raw_state": "uninit", "site": "string_arc_return", "site_reason": "not_drop_needing", "site_verdict": "must_not_drop"}
[drift:ownership_ledger] {"classification": "agree", "fn_name": "std.cli::ArgParser::parse", "ledger_verdict": "must_not_drop", "local": "__match_binder_7__", "program_point": ["if_then14", 13], "raw_state": "uninit", "site": "string_arc_return", "site_reason": "not_drop_needing", "site_verdict": "must_not_drop"}
[drift:ownership_ledger] {"classification": "agree", "fn_name": "std.cli::ArgParser::parse", "ledger_verdict": "must_not_drop", "local": "__match_binder_3_e", "program_point": ["if_then17", 13], "raw_state": "uninit", "site": "string_arc_return", "site_reason": "not_drop_needing", "site_verdict": "must_not_drop"}
[drift:ownership_ledger] {"classification": "agree", "fn_name": "std.cli::ArgParser::parse", "ledger_verdict": "must_not_drop", "local": "__match_binder_5__", "program_point": ["if_then17", 13], "raw_state": "uninit", "site": "string_arc_return", "site_reason": "not_drop_needing", "site_verdict": "must_not_drop"}
[drift:ownership_ledger] {"classification": "agree", "fn_name": "std.cli::ArgParser::parse", "ledger_verdict": "must_not_drop", "local": "__match_binder_7__", "program_point": ["if_then17", 13], "raw_state": "uninit", "site": "string_arc_return", "site_reason": "not_drop_needing", "site_verdict": "must_not_drop"}
[drift:ownership_ledger] {"classification": "agree", "fn_name": "std.cli::ArgParser::parse", "ledger_verdict": "must_not_drop", "local": "__match_binder_3_e", "program_point": ["if_then18", 13], "raw_state": "uninit", "site": "string_arc_return", "site_reason": "not_drop_needing", "site_verdict": "must_not_drop"}
[drift:ownership_ledger] {"classification": "agree", "fn_name": "std.cli::ArgParser::parse", "ledger_verdict": "must_not_drop", "local": "__match_binder_5__", "program_point": ["if_then18", 13], "raw_state": "uninit", "site": "string_arc_return", "site_reason": "not_drop_needing", "site_verdict": "must_not_drop"}
[drift:ownership_ledger] {"classification": "agree", "fn_name": "std.cli::ArgParser::parse", "ledger_verdict": "must_not_drop", "local": "__match_binder_7__", "program_point": ["if_then18", 13], "raw_state": "uninit", "site": "string_arc_return", "site_reason": "not_drop_needing", "site_verdict": "must_not_drop"}
[drift:ownership_ledger] {"classification": "agree", "fn_name": "std.cli::ArgParser::parse", "ledger_verdict": "must_not_drop", "local": "__match_binder_3_e", "program_point": ["if_then2", 13], "raw_state": "uninit", "site": "string_arc_return", "site_reason": "not_drop_needing", "site_verdict": "must_not_drop"}
[drift:ownership_ledger] {"classification": "agree", "fn_name": "std.cli::ArgParser::parse", "ledger_verdict": "must_not_drop", "local": "__match_binder_5__", "program_point": ["if_then2", 13], "raw_state": "uninit", "site": "string_arc_return", "site_reason": "not_drop_needing", "site_verdict": "must_not_drop"}
[drift:ownership_ledger] {"classification": "agree", "fn_name": "std.cli::ArgParser::parse", "ledger_verdict": "must_not_drop", "local": "__match_binder_7__", "program_point": ["if_then2", 13], "raw_state": "uninit", "site": "string_arc_return", "site_reason": "not_drop_needing", "site_verdict": "must_not_drop"}
[drift:ownership_ledger] {"classification": "agree", "fn_name": "std.cli::ArgParser::parse", "ledger_verdict": "must_not_drop", "local": "__match_binder_3_e", "program_point": ["if_then20", 13], "raw_state": "uninit", "site": "string_arc_return", "site_reason": "not_drop_needing", "site_verdict": "must_not_drop"}
[drift:ownership_ledger] {"classification": "agree", "fn_name": "std.cli::ArgParser::parse", "ledger_verdict": "must_not_drop", "local": "__match_binder_5__", "program_point": ["if_then20", 13], "raw_state": "uninit", "site": "string_arc_return", "site_reason": "not_drop_needing", "site_verdict": "must_not_drop"}
[drift:ownership_ledger] {"classification": "agree", "fn_name": "std.cli::ArgParser::parse", "ledger_verdict": "must_not_drop", "local": "__match_binder_7__", "program_point": ["if_then20", 13], "raw_state": "uninit", "site": "string_arc_return", "site_reason": "not_drop_needing", "site_verdict": "must_not_drop"}
[drift:ownership_ledger] {"classification": "agree", "fn_name": "std.cli::ArgParser::parse", "ledger_verdict": "must_not_drop", "local": "__match_binder_3_e", "program_point": ["if_then21", 13], "raw_state": "uninit", "site": "string_arc_return", "site_reason": "not_drop_needing", "site_verdict": "must_not_drop"}
[drift:ownership_ledger] {"classification": "agree", "fn_name": "std.cli::ArgParser::parse", "ledger_verdict": "must_not_drop", "local": "__match_binder_5__", "program_point": ["if_then21", 13], "raw_state": "uninit", "site": "string_arc_return", "site_reason": "not_drop_needing", "site_verdict": "must_not_drop"}
[drift:ownership_ledger] {"classification": "agree", "fn_name": "std.cli::ArgParser::parse", "ledger_verdict": "must_not_drop", "local": "__match_binder_7__", "program_point": ["if_then21", 13], "raw_state": "uninit", "site": "string_arc_return", "site_reason": "not_drop_needing", "site_verdict": "must_not_drop"}
[drift:ownership_ledger] {"classification": "agree", "fn_name": "std.cli::ArgParser::parse", "ledger_verdict": "must_not_drop", "local": "__match_binder_3_e", "program_point": ["if_then22", 13], "raw_state": "uninit", "site": "string_arc_return", "site_reason": "not_drop_needing", "site_verdict": "must_not_drop"}
[drift:ownership_ledger] {"classification": "agree", "fn_name": "std.cli::ArgParser::parse", "ledger_verdict": "must_not_drop", "local": "__match_binder_5__", "program_point": ["if_then22", 13], "raw_state": "uninit", "site": "string_arc_return", "site_reason": "not_drop_needing", "site_verdict": "must_not_drop"}
[drift:ownership_ledger] {"classification": "agree", "fn_name": "std.cli::ArgParser::parse", "ledger_verdict": "must_not_drop", "local": "__match_binder_7__", "program_point": ["if_then22", 13], "raw_state": "uninit", "site": "string_arc_return", "site_reason": "not_drop_needing", "site_verdict": "must_not_drop"}
[drift:ownership_ledger] {"classification": "agree", "fn_name": "std.cli::ArgParser::parse", "ledger_verdict": "must_not_drop", "local": "__match_binder_3_e", "program_point": ["if_then25", 15], "raw_state": "uninit", "site": "string_arc_return", "site_reason": "not_drop_needing", "site_verdict": "must_not_drop"}
[drift:ownership_ledger] {"classification": "agree", "fn_name": "std.cli::ArgParser::parse", "ledger_verdict": "must_not_drop", "local": "__match_binder_5__", "program_point": ["if_then25", 15], "raw_state": "uninit", "site": "string_arc_return", "site_reason": "not_drop_needing", "site_verdict": "must_not_drop"}
[drift:ownership_ledger] {"classification": "agree", "fn_name": "std.cli::ArgParser::parse", "ledger_verdict": "must_not_drop", "local": "__match_binder_7__", "program_point": ["if_then25", 15], "raw_state": "uninit", "site": "string_arc_return", "site_reason": "not_drop_needing", "site_verdict": "must_not_drop"}
[drift:ownership_ledger] {"classification": "agree", "fn_name": "std.cli::ArgParser::parse", "ledger_verdict": "must_not_drop", "local": "__match_binder_3_e", "program_point": ["if_then27", 13], "raw_state": "uninit", "site": "string_arc_return", "site_reason": "not_drop_needing", "site_verdict": "must_not_drop"}
[drift:ownership_ledger] {"classification": "agree", "fn_name": "std.cli::ArgParser::parse", "ledger_verdict": "must_not_drop", "local": "__match_binder_5__", "program_point": ["if_then27", 13], "raw_state": "uninit", "site": "string_arc_return", "site_reason": "not_drop_needing", "site_verdict": "must_not_drop"}
[drift:ownership_ledger] {"classification": "agree", "fn_name": "std.cli::ArgParser::parse", "ledger_verdict": "must_not_drop", "local": "__match_binder_7__", "program_point": ["if_then27", 13], "raw_state": "uninit", "site": "string_arc_return", "site_reason": "not_drop_needing", "site_verdict": "must_not_drop"}
[drift:ownership_ledger] {"classification": "agree", "fn_name": "std.cli::ArgParser::parse", "ledger_verdict": "must_not_drop", "local": "__match_binder_3_e", "program_point": ["if_then28", 15], "raw_state": "uninit", "site": "string_arc_return", "site_reason": "not_drop_needing", "site_verdict": "must_not_drop"}
[drift:ownership_ledger] {"classification": "agree", "fn_name": "std.cli::ArgParser::parse", "ledger_verdict": "must_not_drop", "local": "__match_binder_5__", "program_point": ["if_then28", 15], "raw_state": "uninit", "site": "string_arc_return", "site_reason": "not_drop_needing", "site_verdict": "must_not_drop"}
[drift:ownership_ledger] {"classification": "agree", "fn_name": "std.cli::ArgParser::parse", "ledger_verdict": "must_not_drop", "local": "__match_binder_7__", "program_point": ["if_then28", 15], "raw_state": "uninit", "site": "string_arc_return", "site_reason": "not_drop_needing", "site_verdict": "must_not_drop"}
[drift:ownership_ledger] {"classification": "agree", "fn_name": "std.cli::ArgParser::parse", "ledger_verdict": "must_not_drop", "local": "__match_binder_3_e", "program_point": ["if_then3", 13], "raw_state": "uninit", "site": "string_arc_return", "site_reason": "not_drop_needing", "site_verdict": "must_not_drop"}
[drift:ownership_ledger] {"classification": "agree", "fn_name": "std.cli::ArgParser::parse", "ledger_verdict": "must_not_drop", "local": "__match_binder_5__", "program_point": ["if_then3", 13], "raw_state": "uninit", "site": "string_arc_return", "site_reason": "not_drop_needing", "site_verdict": "must_not_drop"}
[drift:ownership_ledger] {"classification": "agree", "fn_name": "std.cli::ArgParser::parse", "ledger_verdict": "must_not_drop", "local": "__match_binder_7__", "program_point": ["if_then3", 13], "raw_state": "uninit", "site": "string_arc_return", "site_reason": "not_drop_needing", "site_verdict": "must_not_drop"}
[drift:ownership_ledger] {"classification": "agree", "fn_name": "std.cli::ArgParser::parse", "ledger_verdict": "must_not_drop", "local": "__match_binder_3_e", "program_point": ["if_then30", 18], "raw_state": "uninit", "site": "string_arc_return", "site_reason": "not_drop_needing", "site_verdict": "must_not_drop"}
[drift:ownership_ledger] {"classification": "agree", "fn_name": "std.cli::ArgParser::parse", "ledger_verdict": "must_not_drop", "local": "__match_binder_5__", "program_point": ["if_then30", 18], "raw_state": "uninit", "site": "string_arc_return", "site_reason": "not_drop_needing", "site_verdict": "must_not_drop"}
[drift:ownership_ledger] {"classification": "agree", "fn_name": "std.cli::ArgParser::parse", "ledger_verdict": "must_not_drop", "local": "__match_binder_7__", "program_point": ["if_then30", 18], "raw_state": "uninit", "site": "string_arc_return", "site_reason": "not_drop_needing", "site_verdict": "must_not_drop"}
[drift:ownership_ledger] {"classification": "agree", "fn_name": "std.cli::ArgParser::parse", "ledger_verdict": "must_not_drop", "local": "__match_binder_3_e", "program_point": ["if_then31", 13], "raw_state": "uninit", "site": "string_arc_return", "site_reason": "not_drop_needing", "site_verdict": "must_not_drop"}
[drift:ownership_ledger] {"classification": "agree", "fn_name": "std.cli::ArgParser::parse", "ledger_verdict": "must_not_drop", "local": "__match_binder_5__", "program_point": ["if_then31", 13], "raw_state": "uninit", "site": "string_arc_return", "site_reason": "not_drop_needing", "site_verdict": "must_not_drop"}
[drift:ownership_ledger] {"classification": "agree", "fn_name": "std.cli::ArgParser::parse", "ledger_verdict": "must_not_drop", "local": "__match_binder_7__", "program_point": ["if_then31", 13], "raw_state": "uninit", "site": "string_arc_return", "site_reason": "not_drop_needing", "site_verdict": "must_not_drop"}
[drift:ownership_ledger] {"classification": "agree", "fn_name": "std.cli::ArgParser::parse", "ledger_verdict": "must_not_drop", "local": "__match_binder_3_e", "program_point": ["if_then4", 13], "raw_state": "uninit", "site": "string_arc_return", "site_reason": "not_drop_needing", "site_verdict": "must_not_drop"}
[drift:ownership_ledger] {"classification": "agree", "fn_name": "std.cli::ArgParser::parse", "ledger_verdict": "must_not_drop", "local": "__match_binder_5__", "program_point": ["if_then4", 13], "raw_state": "uninit", "site": "string_arc_return", "site_reason": "not_drop_needing", "site_verdict": "must_not_drop"}
[drift:ownership_ledger] {"classification": "agree", "fn_name": "std.cli::ArgParser::parse", "ledger_verdict": "must_not_drop", "local": "__match_binder_7__", "program_point": ["if_then4", 13], "raw_state": "uninit", "site": "string_arc_return", "site_reason": "not_drop_needing", "site_verdict": "must_not_drop"}
[drift:ownership_ledger] {"classification": "agree", "fn_name": "std.cli::ArgParser::parse", "ledger_verdict": "must_not_drop", "local": "__match_binder_3_e", "program_point": ["if_then5", 13], "raw_state": "uninit", "site": "string_arc_return", "site_reason": "not_drop_needing", "site_verdict": "must_not_drop"}
[drift:ownership_ledger] {"classification": "agree", "fn_name": "std.cli::ArgParser::parse", "ledger_verdict": "must_not_drop", "local": "__match_binder_5__", "program_point": ["if_then5", 13], "raw_state": "uninit", "site": "string_arc_return", "site_reason": "not_drop_needing", "site_verdict": "must_not_drop"}
[drift:ownership_ledger] {"classification": "agree", "fn_name": "std.cli::ArgParser::parse", "ledger_verdict": "must_not_drop", "local": "__match_binder_7__", "program_point": ["if_then5", 13], "raw_state": "uninit", "site": "string_arc_return", "site_reason": "not_drop_needing", "site_verdict": "must_not_drop"}
[drift:ownership_ledger] {"classification": "agree", "fn_name": "std.cli::ArgParser::parse", "ledger_verdict": "must_not_drop", "local": "__match_binder_3_e", "program_point": ["if_then8", 13], "raw_state": "uninit", "site": "string_arc_return", "site_reason": "not_drop_needing", "site_verdict": "must_not_drop"}
[drift:ownership_ledger] {"classification": "agree", "fn_name": "std.cli::ArgParser::parse", "ledger_verdict": "must_not_drop", "local": "__match_binder_5__", "program_point": ["if_then8", 13], "raw_state": "uninit", "site": "string_arc_return", "site_reason": "not_drop_needing", "site_verdict": "must_not_drop"}
[drift:ownership_ledger] {"classification": "agree", "fn_name": "std.cli::ArgParser::parse", "ledger_verdict": "must_not_drop", "local": "__match_binder_7__", "program_point": ["if_then8", 13], "raw_state": "uninit", "site": "string_arc_return", "site_reason": "not_drop_needing", "site_verdict": "must_not_drop"}
[drift:ownership_ledger] {"classification": "agree", "fn_name": "std.cli::ArgParser::parse", "ledger_verdict": "must_not_drop", "local": "__match_binder_5__", "program_point": ["match_arm_0", 11], "raw_state": "uninit", "site": "string_arc_return", "site_reason": "not_drop_needing", "site_verdict": "must_not_drop"}
[drift:ownership_ledger] {"classification": "agree", "fn_name": "std.cli::ArgParser::parse", "ledger_verdict": "must_not_drop", "local": "__match_binder_7__", "program_point": ["match_arm_0", 11], "raw_state": "uninit", "site": "string_arc_return", "site_reason": "not_drop_needing", "site_verdict": "must_not_drop"}
[drift:ownership_ledger] {"classification": "agree", "fn_name": "std.cli::ArgParser::parse", "ledger_verdict": "must_not_drop", "local": "__match_binder_3_e", "program_point": ["match_arm_11", 24], "raw_state": "uninit", "site": "string_arc_return", "site_reason": "not_drop_needing", "site_verdict": "must_not_drop"}
[drift:ownership_ledger] {"classification": "agree", "fn_name": "std.cli::ArgParser::parse", "ledger_verdict": "must_not_drop", "local": "__match_binder_7__", "program_point": ["match_arm_11", 24], "raw_state": "uninit", "site": "string_arc_return", "site_reason": "not_drop_needing", "site_verdict": "must_not_drop"}
[drift:ownership_ledger] {"classification": "agree", "fn_name": "std.cli::ArgParser::parse", "ledger_verdict": "must_not_drop", "local": "__match_binder_3_e", "program_point": ["match_arm_12", 26], "raw_state": "uninit", "site": "string_arc_return", "site_reason": "not_drop_needing", "site_verdict": "must_not_drop"}
[drift:ownership_ledger] {"classification": "agree", "fn_name": "std.cli::ArgParser::parse", "ledger_verdict": "must_not_drop", "local": "__match_binder_5__", "program_point": ["match_arm_12", 26], "raw_state": "uninit", "site": "string_arc_return", "site_reason": "not_drop_needing", "site_verdict": "must_not_drop"}
[drift:ownership_ledger] {"classification": "agree", "fn_name": "std.cli::ParsedArgs::get_int", "ledger_verdict": "must_not_drop", "local": "__match_binder_10__", "program_point": ["if_then", 1], "raw_state": "uninit", "site": "string_arc_return", "site_reason": "not_drop_needing", "site_verdict": "must_not_drop"}
[drift:ownership_ledger] {"classification": "agree", "fn_name": "std.cli::ParsedArgs::get_int", "ledger_verdict": "must_not_drop", "local": "__match_binder_10__", "program_point": ["match_arm_01", 12], "raw_state": "uninit", "site": "string_arc_return", "site_reason": "not_drop_needing", "site_verdict": "must_not_drop"}
[drift:ownership_ledger] {"classification": "agree", "fn_name": "std.cli::ParsedArgs::get_int", "ledger_verdict": "must_not_drop", "local": "__match_binder_10__", "program_point": ["match_arm_1", 7], "raw_state": "uninit", "site": "string_arc_return", "site_reason": "not_drop_needing", "site_verdict": "must_not_drop"}
[drift:ownership_ledger] {"classification": "agree", "fn_name": "std.codec::hex_encode", "ledger_verdict": "must_not_drop", "local": "out", "program_point": ["if_join", 4], "raw_state": "uninit", "site": "drop_before_overwrite", "site_reason": "not_drop_needing", "site_verdict": "must_not_drop"}
[drift:ownership_ledger] {"classification": "agree", "fn_name": "std.codec::hex_encode", "ledger_verdict": "must_not_drop", "local": "out", "program_point": ["if_then", 1], "raw_state": "uninit", "site": "string_arc_return", "site_reason": "not_drop_needing", "site_verdict": "must_not_drop"}
[drift:ownership_ledger] {"classification": "agree", "fn_name": "std.codec::base64_encode", "ledger_verdict": "must_not_drop", "local": "out", "program_point": ["if_join", 10], "raw_state": "uninit", "site": "drop_before_overwrite", "site_reason": "not_drop_needing", "site_verdict": "must_not_drop"}
[drift:ownership_ledger] {"classification": "agree", "fn_name": "std.codec::base64_encode", "ledger_verdict": "must_not_drop", "local": "out", "program_point": ["if_then", 1], "raw_state": "uninit", "site": "string_arc_return", "site_reason": "not_drop_needing", "site_verdict": "must_not_drop"}
[drift:ownership_ledger] {"classification": "agree", "fn_name": "std.codec::base32_encode", "ledger_verdict": "must_not_drop", "local": "out", "program_point": ["if_join", 10], "raw_state": "uninit", "site": "drop_before_overwrite", "site_reason": "not_drop_needing", "site_verdict": "must_not_drop"}
[drift:ownership_ledger] {"classification": "agree", "fn_name": "std.codec::base32_encode", "ledger_verdict": "must_not_drop", "local": "out", "program_point": ["if_then", 1], "raw_state": "uninit", "site": "string_arc_return", "site_reason": "not_drop_needing", "site_verdict": "must_not_drop"}
[drift:ownership_ledger] {"classification": "agree", "fn_name": "std.codec::base64url_encode", "ledger_verdict": "must_not_drop", "local": "out", "program_point": ["if_join2", 2], "raw_state": "uninit", "site": "drop_before_overwrite", "site_reason": "not_drop_needing", "site_verdict": "must_not_drop"}
[drift:ownership_ledger] {"classification": "agree", "fn_name": "std.codec::base64url_encode", "ledger_verdict": "must_not_drop", "local": "out", "program_point": ["if_then", 1], "raw_state": "uninit", "site": "string_arc_return", "site_reason": "not_drop_needing", "site_verdict": "must_not_drop"}
[drift:ownership_ledger] {"classification": "agree", "fn_name": "std.concurrent::_check_duration", "ledger_verdict": "must_not_drop", "local": "__try_errt6", "program_point": ["if_join", 3], "raw_state": "uninit", "site": "string_arc_return", "site_reason": "not_drop_needing", "site_verdict": "must_not_drop"}
[drift:ownership_ledger] {"classification": "agree", "fn_name": "std.concurrent::_check_duration", "ledger_verdict": "must_not_drop", "local": "e", "program_point": ["if_join", 3], "raw_state": "uninit", "site": "string_arc_return", "site_reason": "not_drop_needing", "site_verdict": "must_not_drop"}
[drift:ownership_ledger] {"classification": "agree", "fn_name": "std.concurrent::sleep", "ledger_verdict": "must_not_drop", "local": "__match_binder_3_err", "program_point": ["if_join1", 8], "raw_state": "uninit", "site": "string_arc_return", "site_reason": "not_drop_needing", "site_verdict": "must_not_drop"}
[drift:ownership_ledger] {"classification": "agree", "fn_name": "std.concurrent::sleep", "ledger_verdict": "must_not_drop", "local": "__match_binder_3_err", "program_point": ["if_then", 2], "raw_state": "uninit", "site": "string_arc_return", "site_reason": "not_drop_needing", "site_verdict": "must_not_drop"}
[drift:ownership_ledger] {"classification": "agree", "fn_name": "std.concurrent::sleep", "ledger_verdict": "must_not_drop", "local": "__match_binder_3_err", "program_point": ["if_then1", 6], "raw_state": "uninit", "site": "string_arc_return", "site_reason": "not_drop_needing", "site_verdict": "must_not_drop"}
[drift:ownership_ledger] {"classification": "agree", "fn_name": "std.console::_write_all_stream", "ledger_verdict": "must_not_drop", "local": "chunk", "program_point": ["if_then", 10], "raw_state": "moved_out", "site": "drop_before_overwrite", "site_reason": "not_drop_needing", "site_verdict": "must_not_drop"}
[drift:ownership_ledger] {"classification": "agree", "fn_name": "std.console::_write_all_stream", "ledger_verdict": "must_not_drop", "local": "chunk", "program_point": ["loop_exit", 0], "raw_state": "moved_out", "site": "string_arc_return", "site_reason": "not_drop_needing", "site_verdict": "must_not_drop"}
[drift:ownership_ledger] {"classification": "agree", "fn_name": "std.io::configured_input_read_line", "ledger_verdict": "must_not_drop", "local": "line", "program_point": ["if_join", 4], "raw_state": "uninit", "site": "drop_before_overwrite", "site_reason": "not_drop_needing", "site_verdict": "must_not_drop"}
[drift:ownership_ledger] {"classification": "agree", "fn_name": "std.io::configured_input_read_line", "ledger_verdict": "must_not_drop", "local": "one", "program_point": ["if_join", 7], "raw_state": "uninit", "site": "drop_before_overwrite", "site_reason": "not_drop_needing", "site_verdict": "must_not_drop"}
[drift:ownership_ledger] {"classification": "agree", "fn_name": "std.io::configured_input_read_line", "ledger_verdict": "must_not_drop", "local": "line", "program_point": ["if_then", 3], "raw_state": "uninit", "site": "string_arc_return", "site_reason": "not_drop_needing", "site_verdict": "must_not_drop"}
[drift:ownership_ledger] {"classification": "agree", "fn_name": "std.io::configured_input_read_line", "ledger_verdict": "must_not_drop", "local": "one", "program_point": ["if_then", 3], "raw_state": "uninit", "site": "string_arc_return", "site_reason": "not_drop_needing", "site_verdict": "must_not_drop"}
[drift:ownership_ledger] {"classification": "agree", "fn_name": "std.json::new_object", "ledger_verdict": "must_not_drop", "local": "fields", "program_point": ["entry", 2], "raw_state": "uninit", "site": "drop_before_overwrite", "site_reason": "not_drop_needing", "site_verdict": "must_not_drop"}
[drift:ownership_ledger] {"classification": "agree", "fn_name": "std.json::parse", "ledger_verdict": "must_not_drop", "local": "__match_binder_1_e", "program_point": ["if_join", 2], "raw_state": "uninit", "site": "string_arc_return", "site_reason": "not_drop_needing", "site_verdict": "must_not_drop"}
[drift:ownership_ledger] {"classification": "agree", "fn_name": "std.json::parse", "ledger_verdict": "must_not_drop", "local": "__match_binder_1_e", "program_point": ["if_then", 7], "raw_state": "uninit", "site": "string_arc_return", "site_reason": "not_drop_needing", "site_verdict": "must_not_drop"}
[drift:ownership_ledger] {"classification": "agree", "fn_name": "std.json::parse", "ledger_verdict": "must_not_drop", "local": "__match_binder_2_v", "program_point": ["match_arm_0", 11], "raw_state": "uninit", "site": "string_arc_return", "site_reason": "not_drop_needing", "site_verdict": "must_not_drop"}
[drift:ownership_ledger] {"classification": "agree", "fn_name": "std.json::parse", "ledger_verdict": "must_not_drop", "local": "__match_binder_2_v", "program_point": ["match_arm_1", 8], "raw_state": "uninit", "site": "drop_before_overwrite", "site_reason": "not_drop_needing", "site_verdict": "must_not_drop"}
[drift:ownership_ledger] {"classification": "agree", "fn_name": "std.json::_slice_bytes", "ledger_verdict": "must_not_drop", "local": "buf", "program_point": ["if_join", 2], "raw_state": "uninit", "site": "drop_before_overwrite", "site_reason": "not_drop_needing", "site_verdict": "must_not_drop"}
[drift:ownership_ledger] {"classification": "agree", "fn_name": "std.json::_slice_bytes", "ledger_verdict": "must_not_drop", "local": "buf", "program_point": ["if_then", 1], "raw_state": "uninit", "site": "string_arc_return", "site_reason": "not_drop_needing", "site_verdict": "must_not_drop"}
[drift:ownership_ledger] {"classification": "agree", "fn_name": "std.json::_parse_array", "ledger_verdict": "must_not_drop", "local": "__match_binder_4_e", "program_point": ["if_join4_dropfinal", 0], "raw_state": "uninit", "site": "string_arc_return", "site_reason": "not_drop_needing", "site_verdict": "must_not_drop"}
[drift:ownership_ledger] {"classification": "agree", "fn_name": "std.json::_parse_array", "ledger_verdict": "must_not_drop", "local": "__match_binder_5_v", "program_point": ["if_join4_dropfinal", 0], "raw_state": "uninit", "site": "string_arc_return", "site_reason": "not_drop_needing", "site_verdict": "must_not_drop"}
[drift:ownership_ledger] {"classification": "agree", "fn_name": "std.json::_parse_array", "ledger_verdict": "must_not_drop", "local": "__match_binder_4_e", "program_point": ["if_then1_dropfinal", 0], "raw_state": "uninit", "site": "string_arc_return", "site_reason": "not_drop_needing", "site_verdict": "must_not_drop"}
[drift:ownership_ledger] {"classification": "agree", "fn_name": "std.json::_parse_array", "ledger_verdict": "must_not_drop", "local": "__match_binder_5_v", "program_point": ["if_then1_dropfinal", 0], "raw_state": "uninit", "site": "string_arc_return", "site_reason": "not_drop_needing", "site_verdict": "must_not_drop"}
[drift:ownership_ledger] {"classification": "agree", "fn_name": "std.json::_parse_array", "ledger_verdict": "must_not_drop", "local": "__match_binder_4_e", "program_point": ["if_then2_dropfinal", 0], "raw_state": "uninit", "site": "string_arc_return", "site_reason": "not_drop_needing", "site_verdict": "must_not_drop"}
[drift:ownership_ledger] {"classification": "agree", "fn_name": "std.json::_parse_array", "ledger_verdict": "must_not_drop", "local": "__match_binder_5_v", "program_point": ["if_then2_dropfinal", 0], "raw_state": "uninit", "site": "string_arc_return", "site_reason": "not_drop_needing", "site_verdict": "must_not_drop"}
[drift:ownership_ledger] {"classification": "agree", "fn_name": "std.json::_parse_array", "ledger_verdict": "must_not_drop", "local": "__match_binder_4_e", "program_point": ["if_then4_dropfinal", 0], "raw_state": "uninit", "site": "string_arc_return", "site_reason": "not_drop_needing", "site_verdict": "must_not_drop"}
[drift:ownership_ledger] {"classification": "agree", "fn_name": "std.json::_parse_array", "ledger_verdict": "must_not_drop", "local": "__match_binder_5_v", "program_point": ["if_then4_dropfinal", 0], "raw_state": "uninit", "site": "string_arc_return", "site_reason": "not_drop_needing", "site_verdict": "must_not_drop"}
[drift:ownership_ledger] {"classification": "agree", "fn_name": "std.json::_parse_array", "ledger_verdict": "must_not_drop", "local": "__match_binder_4_e", "program_point": ["if_then_dropfinal", 0], "raw_state": "uninit", "site": "string_arc_return", "site_reason": "not_drop_needing", "site_verdict": "must_not_drop"}
[drift:ownership_ledger] {"classification": "agree", "fn_name": "std.json::_parse_array", "ledger_verdict": "must_not_drop", "local": "__match_binder_5_v", "program_point": ["if_then_dropfinal", 0], "raw_state": "uninit", "site": "string_arc_return", "site_reason": "not_drop_needing", "site_verdict": "must_not_drop"}
[drift:ownership_ledger] {"classification": "agree", "fn_name": "std.json::_parse_array", "ledger_verdict": "must_not_drop", "local": "__match_binder_5_v", "program_point": ["match_arm_0_dropfinal", 0], "raw_state": "uninit", "site": "string_arc_return", "site_reason": "not_drop_needing", "site_verdict": "must_not_drop"}
[drift:ownership_ledger] {"classification": "agree", "fn_name": "std.json::_parse_array", "ledger_verdict": "must_not_drop", "local": "__match_binder_5_v", "program_point": ["match_arm_1", 8], "raw_state": "moved_out", "site": "drop_before_overwrite", "site_reason": "not_drop_needing", "site_verdict": "must_not_drop"}
[drift:ownership_ledger] {"classification": "agree", "fn_name": "std.json::_parse_object_throwing", "ledger_verdict": "must_not_drop", "local": "fields", "program_point": ["if_join", 11], "raw_state": "uninit", "site": "drop_before_overwrite", "site_reason": "not_drop_needing", "site_verdict": "must_not_drop"}
[drift:ownership_ledger] {"classification": "agree", "fn_name": "std.json::_parse_object_throwing", "ledger_verdict": "must_not_drop", "local": "__match_binder_6_e", "program_point": ["if_join5_dropfinal", 0], "raw_state": "uninit", "site": "string_arc_return", "site_reason": "not_drop_needing", "site_verdict": "must_not_drop"}
[drift:ownership_ledger] {"classification": "agree", "fn_name": "std.json::_parse_object_throwing", "ledger_verdict": "must_not_drop", "local": "__match_binder_8_e", "program_point": ["if_join5_dropfinal", 0], "raw_state": "uninit", "site": "string_arc_return", "site_reason": "not_drop_needing", "site_verdict": "must_not_drop"}
[drift:ownership_ledger] {"classification": "agree", "fn_name": "std.json::_parse_object_throwing", "ledger_verdict": "must_not_drop", "local": "fields", "program_point": ["if_join5_dropfinal", 0], "raw_state": "uninit", "site": "string_arc_return", "site_reason": "not_drop_needing", "site_verdict": "must_not_drop"}
[drift:ownership_ledger] {"classification": "agree", "fn_name": "std.json::_parse_object_throwing", "ledger_verdict": "must_not_drop", "local": "__match_binder_6_e", "program_point": ["if_then1_dropfinal", 0], "raw_state": "uninit", "site": "string_arc_return", "site_reason": "not_drop_needing", "site_verdict": "must_not_drop"}
[drift:ownership_ledger] {"classification": "agree", "fn_name": "std.json::_parse_object_throwing", "ledger_verdict": "must_not_drop", "local": "__match_binder_8_e", "program_point": ["if_then1_dropfinal", 0], "raw_state": "uninit", "site": "string_arc_return", "site_reason": "not_drop_needing", "site_verdict": "must_not_drop"}
[drift:ownership_ledger] {"classification": "agree", "fn_name": "std.json::_parse_object_throwing", "ledger_verdict": "must_not_drop", "local": "__match_binder_9_v", "program_point": ["if_then1_dropfinal", 0], "raw_state": "uninit", "site": "string_arc_return", "site_reason": "not_drop_needing", "site_verdict": "must_not_drop"}
[drift:ownership_ledger] {"classification": "agree", "fn_name": "std.json::_parse_object_throwing", "ledger_verdict": "must_not_drop", "local": "__match_binder_6_e", "program_point": ["if_then2_dropfinal", 0], "raw_state": "uninit", "site": "string_arc_return", "site_reason": "not_drop_needing", "site_verdict": "must_not_drop"}
[drift:ownership_ledger] {"classification": "agree", "fn_name": "std.json::_parse_object_throwing", "ledger_verdict": "must_not_drop", "local": "__match_binder_8_e", "program_point": ["if_then2_dropfinal", 0], "raw_state": "uninit", "site": "string_arc_return", "site_reason": "not_drop_needing", "site_verdict": "must_not_drop"}
[drift:ownership_ledger] {"classification": "agree", "fn_name": "std.json::_parse_object_throwing", "ledger_verdict": "must_not_drop", "local": "__match_binder_9_v", "program_point": ["if_then2_dropfinal", 0], "raw_state": "uninit", "site": "string_arc_return", "site_reason": "not_drop_needing", "site_verdict": "must_not_drop"}
[drift:ownership_ledger] {"classification": "agree", "fn_name": "std.json::_parse_object_throwing", "ledger_verdict": "must_not_drop", "local": "fields", "program_point": ["if_then2_dropfinal", 0], "raw_state": "uninit", "site": "string_arc_return", "site_reason": "not_drop_needing", "site_verdict": "must_not_drop"}
[drift:ownership_ledger] {"classification": "agree", "fn_name": "std.json::_parse_object_throwing", "ledger_verdict": "must_not_drop", "local": "__match_binder_6_e", "program_point": ["if_then3_dropfinal", 0], "raw_state": "uninit", "site": "string_arc_return", "site_reason": "not_drop_needing", "site_verdict": "must_not_drop"}
[drift:ownership_ledger] {"classification": "agree", "fn_name": "std.json::_parse_object_throwing", "ledger_verdict": "must_not_drop", "local": "__match_binder_8_e", "program_point": ["if_then3_dropfinal", 0], "raw_state": "uninit", "site": "string_arc_return", "site_reason": "not_drop_needing", "site_verdict": "must_not_drop"}
[drift:ownership_ledger] {"classification": "agree", "fn_name": "std.json::_parse_object_throwing", "ledger_verdict": "must_not_drop", "local": "fields", "program_point": ["if_then3_dropfinal", 0], "raw_state": "uninit", "site": "string_arc_return", "site_reason": "not_drop_needing", "site_verdict": "must_not_drop"}
[drift:ownership_ledger] {"classification": "agree", "fn_name": "std.json::_parse_object_throwing", "ledger_verdict": "must_not_drop", "local": "__match_binder_6_e", "program_point": ["if_then5_dropfinal", 0], "raw_state": "uninit", "site": "string_arc_return", "site_reason": "not_drop_needing", "site_verdict": "must_not_drop"}
[drift:ownership_ledger] {"classification": "agree", "fn_name": "std.json::_parse_object_throwing", "ledger_verdict": "must_not_drop", "local": "__match_binder_8_e", "program_point": ["if_then5_dropfinal", 0], "raw_state": "uninit", "site": "string_arc_return", "site_reason": "not_drop_needing", "site_verdict": "must_not_drop"}
[drift:ownership_ledger] {"classification": "agree", "fn_name": "std.json::_parse_object_throwing", "ledger_verdict": "must_not_drop", "local": "__match_binder_6_e", "program_point": ["if_then_dropfinal", 0], "raw_state": "uninit", "site": "string_arc_return", "site_reason": "not_drop_needing", "site_verdict": "must_not_drop"}
[drift:ownership_ledger] {"classification": "agree", "fn_name": "std.json::_parse_object_throwing", "ledger_verdict": "must_not_drop", "local": "__match_binder_8_e", "program_point": ["if_then_dropfinal", 0], "raw_state": "uninit", "site": "string_arc_return", "site_reason": "not_drop_needing", "site_verdict": "must_not_drop"}
[drift:ownership_ledger] {"classification": "agree", "fn_name": "std.json::_parse_object_throwing", "ledger_verdict": "must_not_drop", "local": "__match_binder_9_v", "program_point": ["if_then_dropfinal", 0], "raw_state": "uninit", "site": "string_arc_return", "site_reason": "not_drop_needing", "site_verdict": "must_not_drop"}
[drift:ownership_ledger] {"classification": "agree", "fn_name": "std.json::_parse_object_throwing", "ledger_verdict": "must_not_drop", "local": "fields", "program_point": ["if_then_dropfinal", 0], "raw_state": "uninit", "site": "string_arc_return", "site_reason": "not_drop_needing", "site_verdict": "must_not_drop"}
[drift:ownership_ledger] {"classification": "agree", "fn_name": "std.json::_parse_object_throwing", "ledger_verdict": "must_not_drop", "local": "__match_binder_6_e", "program_point": ["match_arm_01_dropfinal", 0], "raw_state": "uninit", "site": "string_arc_return", "site_reason": "not_drop_needing", "site_verdict": "must_not_drop"}
[drift:ownership_ledger] {"classification": "agree", "fn_name": "std.json::_parse_object_throwing", "ledger_verdict": "must_not_drop", "local": "__match_binder_9_v", "program_point": ["match_arm_01_dropfinal", 0], "raw_state": "uninit", "site": "string_arc_return", "site_reason": "not_drop_needing", "site_verdict": "must_not_drop"}
[drift:ownership_ledger] {"classification": "agree", "fn_name": "std.json::_parse_object_throwing", "ledger_verdict": "must_not_drop", "local": "fields", "program_point": ["match_arm_01_dropfinal", 0], "raw_state": "uninit", "site": "string_arc_return", "site_reason": "not_drop_needing", "site_verdict": "must_not_drop"}
[drift:ownership_ledger] {"classification": "agree", "fn_name": "std.json::_parse_object_throwing", "ledger_verdict": "must_not_drop", "local": "__match_binder_8_e", "program_point": ["match_arm_0_dropfinal", 0], "raw_state": "uninit", "site": "string_arc_return", "site_reason": "not_drop_needing", "site_verdict": "must_not_drop"}
[drift:ownership_ledger] {"classification": "agree", "fn_name": "std.json::_parse_object_throwing", "ledger_verdict": "must_not_drop", "local": "__match_binder_9_v", "program_point": ["match_arm_0_dropfinal", 0], "raw_state": "uninit", "site": "string_arc_return", "site_reason": "not_drop_needing", "site_verdict": "must_not_drop"}
[drift:ownership_ledger] {"classification": "agree", "fn_name": "std.json::_parse_object_throwing", "ledger_verdict": "must_not_drop", "local": "fields", "program_point": ["match_arm_0_dropfinal", 0], "raw_state": "uninit", "site": "string_arc_return", "site_reason": "not_drop_needing", "site_verdict": "must_not_drop"}
[drift:ownership_ledger] {"classification": "agree", "fn_name": "std.json::_parse_object_throwing", "ledger_verdict": "must_not_drop", "local": "__match_binder_9_v", "program_point": ["match_arm_11", 8], "raw_state": "moved_out", "site": "drop_before_overwrite", "site_reason": "not_drop_needing", "site_verdict": "must_not_drop"}
[drift:ownership_ledger] {"classification": "site_stricter", "fn_name": "std.json::_parse_object", "ledger_verdict": "must_not_drop", "local": "__try_errt3", "program_point": ["tryexpr_join", 1], "raw_state": "moved_out", "site": "string_arc_return", "site_reason": "needs_drop", "site_verdict": "must_drop"}
[drift:ownership_ledger] {"classification": "agree", "fn_name": "std.json::_parse_value", "ledger_verdict": "must_not_drop", "local": "__match_binder_10_e", "program_point": ["if_join7", 6], "raw_state": "uninit", "site": "string_arc_return", "site_reason": "not_drop_needing", "site_verdict": "must_not_drop"}
[drift:ownership_ledger] {"classification": "agree", "fn_name": "std.json::_parse_value", "ledger_verdict": "must_not_drop", "local": "__match_binder_10_e", "program_point": ["if_then", 6], "raw_state": "uninit", "site": "string_arc_return", "site_reason": "not_drop_needing", "site_verdict": "must_not_drop"}
[drift:ownership_ledger] {"classification": "agree", "fn_name": "std.json::_parse_value", "ledger_verdict": "must_not_drop", "local": "__match_binder_10_e", "program_point": ["if_then1", 5], "raw_state": "uninit", "site": "string_arc_return", "site_reason": "not_drop_needing", "site_verdict": "must_not_drop"}
[drift:ownership_ledger] {"classification": "agree", "fn_name": "std.json::_parse_value", "ledger_verdict": "must_not_drop", "local": "__match_binder_10_e", "program_point": ["if_then2", 6], "raw_state": "uninit", "site": "string_arc_return", "site_reason": "not_drop_needing", "site_verdict": "must_not_drop"}
[drift:ownership_ledger] {"classification": "agree", "fn_name": "std.json::_parse_value", "ledger_verdict": "must_not_drop", "local": "__match_binder_10_e", "program_point": ["if_then3", 6], "raw_state": "uninit", "site": "string_arc_return", "site_reason": "not_drop_needing", "site_verdict": "must_not_drop"}
[drift:ownership_ledger] {"classification": "agree", "fn_name": "std.json::_parse_value", "ledger_verdict": "must_not_drop", "local": "__match_binder_10_e", "program_point": ["if_then5", 3], "raw_state": "uninit", "site": "string_arc_return", "site_reason": "not_drop_needing", "site_verdict": "must_not_drop"}
[drift:ownership_ledger] {"classification": "agree", "fn_name": "std.json::_parse_value", "ledger_verdict": "must_not_drop", "local": "__match_binder_10_e", "program_point": ["if_then6", 3], "raw_state": "uninit", "site": "string_arc_return", "site_reason": "not_drop_needing", "site_verdict": "must_not_drop"}
[drift:ownership_ledger] {"classification": "agree", "fn_name": "std.json::_parse_value", "ledger_verdict": "must_not_drop", "local": "__match_binder_10_e", "program_point": ["if_then7", 3], "raw_state": "uninit", "site": "string_arc_return", "site_reason": "not_drop_needing", "site_verdict": "must_not_drop"}
[drift:ownership_ledger] {"classification": "agree", "fn_name": "std.json::_parse_value", "ledger_verdict": "must_not_drop", "local": "__match_binder_10_e", "program_point": ["match_arm_1", 13], "raw_state": "uninit", "site": "string_arc_return", "site_reason": "not_drop_needing", "site_verdict": "must_not_drop"}
[drift:ownership_ledger] {"classification": "site_stricter", "fn_name": "std.json::_encode_object", "ledger_verdict": "must_not_drop", "local": "__try_errt3", "program_point": ["tryexpr_join", 1], "raw_state": "moved_out", "site": "string_arc_return", "site_reason": "needs_drop", "site_verdict": "must_drop"}
[drift:ownership_ledger] {"classification": "agree", "fn_name": "std.json::_clone_deep_impl", "ledger_verdict": "must_not_drop", "local": "c", "program_point": ["if_then", 6], "raw_state": "moved_out", "site": "drop_before_overwrite", "site_reason": "not_drop_needing", "site_verdict": "must_not_drop"}
[drift:ownership_ledger] {"classification": "agree", "fn_name": "std.json::_clone_deep_impl", "ledger_verdict": "must_not_drop", "local": "c", "program_point": ["loop_exit", 2], "raw_state": "moved_out", "site": "string_arc_return", "site_reason": "not_drop_needing", "site_verdict": "must_not_drop"}
[drift:ownership_ledger] {"classification": "agree", "fn_name": "std.json::_clone_deep_impl", "ledger_verdict": "must_not_drop", "local": "out__b162", "program_point": ["loop_exit", 2], "raw_state": "uninit", "site": "string_arc_return", "site_reason": "not_drop_needing", "site_verdict": "must_not_drop"}
[drift:ownership_ledger] {"classification": "agree", "fn_name": "std.json::_clone_deep_impl", "ledger_verdict": "must_not_drop", "local": "v", "program_point": ["loop_exit", 2], "raw_state": "uninit", "site": "string_arc_return", "site_reason": "not_drop_needing", "site_verdict": "must_not_drop"}
[drift:ownership_ledger] {"classification": "agree", "fn_name": "std.json::_clone_deep_impl", "ledger_verdict": "must_not_drop", "local": "c", "program_point": ["loop_exit1", 2], "raw_state": "uninit", "site": "string_arc_return", "site_reason": "not_drop_needing", "site_verdict": "must_not_drop"}
[drift:ownership_ledger] {"classification": "agree", "fn_name": "std.json::_clone_deep_impl", "ledger_verdict": "must_not_drop", "local": "v", "program_point": ["loop_exit1", 2], "raw_state": "moved_out", "site": "string_arc_return", "site_reason": "not_drop_needing", "site_verdict": "must_not_drop"}
[drift:ownership_ledger] {"classification": "agree", "fn_name": "std.json::_clone_deep_impl", "ledger_verdict": "must_not_drop", "local": "c", "program_point": ["match_arm_0", 1], "raw_state": "uninit", "site": "string_arc_return", "site_reason": "not_drop_needing", "site_verdict": "must_not_drop"}
[drift:ownership_ledger] {"classification": "agree", "fn_name": "std.json::_clone_deep_impl", "ledger_verdict": "must_not_drop", "local": "out__b162", "program_point": ["match_arm_0", 1], "raw_state": "uninit", "site": "string_arc_return", "site_reason": "not_drop_needing", "site_verdict": "must_not_drop"}
[drift:ownership_ledger] {"classification": "agree", "fn_name": "std.json::_clone_deep_impl", "ledger_verdict": "must_not_drop", "local": "v", "program_point": ["match_arm_0", 1], "raw_state": "uninit", "site": "string_arc_return", "site_reason": "not_drop_needing", "site_verdict": "must_not_drop"}
[drift:ownership_ledger] {"classification": "agree", "fn_name": "std.json::_clone_deep_impl", "ledger_verdict": "must_not_drop", "local": "v", "program_point": ["match_arm_01", 17], "raw_state": "moved_out", "site": "drop_before_overwrite", "site_reason": "not_drop_needing", "site_verdict": "must_not_drop"}
[drift:ownership_ledger] {"classification": "agree", "fn_name": "std.json::_clone_deep_impl", "ledger_verdict": "must_not_drop", "local": "c", "program_point": ["match_arm_1", 5], "raw_state": "uninit", "site": "string_arc_return", "site_reason": "not_drop_needing", "site_verdict": "must_not_drop"}
[drift:ownership_ledger] {"classification": "agree", "fn_name": "std.json::_clone_deep_impl", "ledger_verdict": "must_not_drop", "local": "out__b162", "program_point": ["match_arm_1", 5], "raw_state": "uninit", "site": "string_arc_return", "site_reason": "not_drop_needing", "site_verdict": "must_not_drop"}
[drift:ownership_ledger] {"classification": "agree", "fn_name": "std.json::_clone_deep_impl", "ledger_verdict": "must_not_drop", "local": "v", "program_point": ["match_arm_1", 5], "raw_state": "uninit", "site": "string_arc_return", "site_reason": "not_drop_needing", "site_verdict": "must_not_drop"}
[drift:ownership_ledger] {"classification": "agree", "fn_name": "std.json::_clone_deep_impl", "ledger_verdict": "must_not_drop", "local": "c", "program_point": ["match_arm_2", 6], "raw_state": "uninit", "site": "string_arc_return", "site_reason": "not_drop_needing", "site_verdict": "must_not_drop"}
[drift:ownership_ledger] {"classification": "agree", "fn_name": "std.json::_clone_deep_impl", "ledger_verdict": "must_not_drop", "local": "out__b162", "program_point": ["match_arm_2", 6], "raw_state": "uninit", "site": "string_arc_return", "site_reason": "not_drop_needing", "site_verdict": "must_not_drop"}
[drift:ownership_ledger] {"classification": "agree", "fn_name": "std.json::_clone_deep_impl", "ledger_verdict": "must_not_drop", "local": "v", "program_point": ["match_arm_2", 6], "raw_state": "uninit", "site": "string_arc_return", "site_reason": "not_drop_needing", "site_verdict": "must_not_drop"}
[drift:ownership_ledger] {"classification": "agree", "fn_name": "std.json::_clone_deep_impl", "ledger_verdict": "must_not_drop", "local": "c", "program_point": ["match_arm_3", 6], "raw_state": "uninit", "site": "string_arc_return", "site_reason": "not_drop_needing", "site_verdict": "must_not_drop"}
[drift:ownership_ledger] {"classification": "agree", "fn_name": "std.json::_clone_deep_impl", "ledger_verdict": "must_not_drop", "local": "out__b162", "program_point": ["match_arm_3", 6], "raw_state": "uninit", "site": "string_arc_return", "site_reason": "not_drop_needing", "site_verdict": "must_not_drop"}
[drift:ownership_ledger] {"classification": "agree", "fn_name": "std.json::_clone_deep_impl", "ledger_verdict": "must_not_drop", "local": "v", "program_point": ["match_arm_3", 6], "raw_state": "uninit", "site": "string_arc_return", "site_reason": "not_drop_needing", "site_verdict": "must_not_drop"}
[drift:ownership_ledger] {"classification": "agree", "fn_name": "std.json::_clone_deep_impl", "ledger_verdict": "must_not_drop", "local": "out__b162", "program_point": ["match_arm_5", 3], "raw_state": "uninit", "site": "drop_before_overwrite", "site_reason": "not_drop_needing", "site_verdict": "must_not_drop"}
[drift:ownership_ledger] {"classification": "agree", "fn_name": "std.json::_clone_deep_impl", "ledger_verdict": "must_not_drop", "local": "c", "program_point": ["match_arm_6", 1], "raw_state": "uninit", "site": "string_arc_return", "site_reason": "not_drop_needing", "site_verdict": "must_not_drop"}
[drift:ownership_ledger] {"classification": "agree", "fn_name": "std.json::_clone_deep_impl", "ledger_verdict": "must_not_drop", "local": "out__b162", "program_point": ["match_arm_6", 1], "raw_state": "uninit", "site": "string_arc_return", "site_reason": "not_drop_needing", "site_verdict": "must_not_drop"}
[drift:ownership_ledger] {"classification": "agree", "fn_name": "std.json::_clone_deep_impl", "ledger_verdict": "must_not_drop", "local": "v", "program_point": ["match_arm_6", 1], "raw_state": "uninit", "site": "string_arc_return", "site_reason": "not_drop_needing", "site_verdict": "must_not_drop"}
[drift:ownership_ledger] {"classification": "agree", "fn_name": "std.json::JsonNode::get", "ledger_verdict": "must_not_drop", "local": "__try_errt8", "program_point": ["match_arm_1", 1], "raw_state": "uninit", "site": "string_arc_return", "site_reason": "not_drop_needing", "site_verdict": "must_not_drop"}
[drift:ownership_ledger] {"classification": "agree", "fn_name": "std.json::JsonNode::get", "ledger_verdict": "must_not_drop", "local": "__try_errt8", "program_point": ["tryexpr_join", 1], "raw_state": "tombstoned", "site": "string_arc_return", "site_reason": "not_drop_needing", "site_verdict": "must_not_drop"}
[drift:ownership_ledger] {"classification": "agree", "fn_name": "std.json::JsonNode::into_object", "ledger_verdict": "must_not_drop", "local": "__match_binder_53_fields", "program_point": ["match_arm_0", 7], "raw_state": "uninit", "site": "drop_before_overwrite", "site_reason": "not_drop_needing", "site_verdict": "must_not_drop"}
[drift:ownership_ledger] {"classification": "agree", "fn_name": "std.json::JsonNode::into_object", "ledger_verdict": "must_not_drop", "local": "__match_binder_53_fields", "program_point": ["match_arm_1", 6], "raw_state": "uninit", "site": "string_arc_return", "site_reason": "not_drop_needing", "site_verdict": "must_not_drop"}
[drift:ownership_ledger] {"classification": "agree", "fn_name": "std.json::JsonArray::push", "ledger_verdict": "must_not_drop", "local": "value", "program_point": ["array_cap_join2", 7], "raw_state": "moved_out", "site": "string_arc_return", "site_reason": "not_drop_needing", "site_verdict": "must_not_drop"}
[drift:ownership_ledger] {"classification": "semantic_equivalent", "fn_name": "std.json::JsonObject::get", "ledger_verdict": "must_not_drop", "local": "__try_errt3", "program_point": ["tryexpr_join", 1], "raw_state": "tombstoned", "site": "string_arc_return", "site_reason": "needs_drop", "site_verdict": "must_drop"}
[drift:ownership_ledger] {"classification": "agree", "fn_name": "std.json::JsonObject::to_node", "ledger_verdict": "must_not_drop", "local": "empty", "program_point": ["entry", 2], "raw_state": "uninit", "site": "drop_before_overwrite", "site_reason": "not_drop_needing", "site_verdict": "must_not_drop"}
[drift:ownership_ledger] {"classification": "agree", "fn_name": "std.json::JsonObject::to_node", "ledger_verdict": "must_not_drop", "local": "fields", "program_point": ["entry", 8], "raw_state": "uninit", "site": "drop_before_overwrite", "site_reason": "not_drop_needing", "site_verdict": "must_not_drop"}
[drift:ownership_ledger] {"classification": "agree", "fn_name": "std.log::config_builder", "ledger_verdict": "must_not_drop", "local": "__borrow_tmpt12", "program_point": ["entry", 13], "raw_state": "uninit", "site": "drop_before_overwrite", "site_reason": "not_drop_needing", "site_verdict": "must_not_drop"}
[drift:ownership_ledger] {"classification": "agree", "fn_name": "std.log::config_builder", "ledger_verdict": "must_drop", "local": "__borrow_tmpt12", "program_point": ["entry", 17], "raw_state": "live", "site": "string_arc_return", "site_reason": "needs_drop", "site_verdict": "must_drop"}
[drift:ownership_ledger] {"classification": "agree", "fn_name": "std.log::log_context", "ledger_verdict": "must_not_drop", "local": "attrs", "program_point": ["entry", 2], "raw_state": "uninit", "site": "drop_before_overwrite", "site_reason": "not_drop_needing", "site_verdict": "must_not_drop"}
[drift:ownership_ledger] {"classification": "agree", "fn_name": "std.log::_drop_envelope_handle", "ledger_verdict": "must_not_drop", "local": "env", "program_point": ["if_then", 0], "raw_state": "uninit", "site": "string_arc_return", "site_reason": "not_drop_needing", "site_verdict": "must_not_drop"}
[drift:ownership_ledger] {"classification": "agree", "fn_name": "std.log::_emit_envelope_handle", "ledger_verdict": "must_not_drop", "local": "env", "program_point": ["if_then", 1], "raw_state": "uninit", "site": "string_arc_return", "site_reason": "not_drop_needing", "site_verdict": "must_not_drop"}
[drift:ownership_ledger] {"classification": "agree", "fn_name": "std.log::_emit_explicit_ctx", "ledger_verdict": "must_not_drop", "local": "__try_errt11", "program_point": ["if_then", 1], "raw_state": "uninit", "site": "string_arc_return", "site_reason": "not_drop_needing", "site_verdict": "must_not_drop"}
[drift:ownership_ledger] {"classification": "site_stricter", "fn_name": "std.log::_emit_explicit_ctx", "ledger_verdict": "must_not_drop", "local": "__try_errt11", "program_point": ["tryexpr_join", 1], "raw_state": "moved_out", "site": "string_arc_return", "site_reason": "needs_drop", "site_verdict": "must_drop"}
[drift:ownership_ledger] {"classification": "agree", "fn_name": "std.log::_emit_no_attrs", "ledger_verdict": "must_not_drop", "local": "__try_errt43", "program_point": ["if_then", 1], "raw_state": "uninit", "site": "string_arc_return", "site_reason": "not_drop_needing", "site_verdict": "must_not_drop"}
[drift:ownership_ledger] {"classification": "agree", "fn_name": "std.log::_emit_no_attrs", "ledger_verdict": "must_not_drop", "local": "__try_errt67", "program_point": ["if_then", 1], "raw_state": "uninit", "site": "string_arc_return", "site_reason": "not_drop_needing", "site_verdict": "must_not_drop"}
[drift:ownership_ledger] {"classification": "agree", "fn_name": "std.log::_emit_no_attrs", "ledger_verdict": "must_not_drop", "local": "__try_errt43", "program_point": ["match_arm_1", 7], "raw_state": "uninit", "site": "string_arc_return", "site_reason": "not_drop_needing", "site_verdict": "must_not_drop"}
[drift:ownership_ledger] {"classification": "agree", "fn_name": "std.log::_emit_no_attrs", "ledger_verdict": "must_not_drop", "local": "__try_errt67", "program_point": ["match_arm_1", 7], "raw_state": "uninit", "site": "string_arc_return", "site_reason": "not_drop_needing", "site_verdict": "must_not_drop"}
[drift:ownership_ledger] {"classification": "site_stricter", "fn_name": "std.log::_emit_no_attrs", "ledger_verdict": "must_not_drop", "local": "__try_errt43", "program_point": ["tryexpr_join", 1], "raw_state": "moved_out", "site": "string_arc_return", "site_reason": "needs_drop", "site_verdict": "must_drop"}
[drift:ownership_ledger] {"classification": "agree", "fn_name": "std.log::_emit_no_attrs", "ledger_verdict": "must_not_drop", "local": "__try_errt67", "program_point": ["tryexpr_join", 1], "raw_state": "uninit", "site": "string_arc_return", "site_reason": "not_drop_needing", "site_verdict": "must_not_drop"}
[drift:ownership_ledger] {"classification": "agree", "fn_name": "std.log::_emit_no_attrs", "ledger_verdict": "must_not_drop", "local": "__try_errt43", "program_point": ["tryexpr_join1", 1], "raw_state": "uninit", "site": "string_arc_return", "site_reason": "not_drop_needing", "site_verdict": "must_not_drop"}
[drift:ownership_ledger] {"classification": "site_stricter", "fn_name": "std.log::_emit_no_attrs", "ledger_verdict": "must_not_drop", "local": "__try_errt67", "program_point": ["tryexpr_join1", 1], "raw_state": "moved_out", "site": "string_arc_return", "site_reason": "needs_drop", "site_verdict": "must_drop"}
[drift:ownership_ledger] {"classification": "agree", "fn_name": "std.log::_emit_explicit_ctx_attrs", "ledger_verdict": "must_not_drop", "local": "__try_errt12", "program_point": ["if_then", 3], "raw_state": "uninit", "site": "string_arc_return", "site_reason": "not_drop_needing", "site_verdict": "must_not_drop"}
[drift:ownership_ledger] {"classification": "site_stricter", "fn_name": "std.log::_emit_explicit_ctx_attrs", "ledger_verdict": "must_not_drop", "local": "__try_errt12", "program_point": ["tryexpr_join", 5], "raw_state": "moved_out", "site": "string_arc_return", "site_reason": "needs_drop", "site_verdict": "must_drop"}
[drift:ownership_ledger] {"classification": "agree", "fn_name": "std.log::_dv_json", "ledger_verdict": "must_not_drop", "local": "__match_binder_20__", "program_point": ["if_join", 3], "raw_state": "uninit", "site": "string_arc_return", "site_reason": "not_drop_needing", "site_verdict": "must_not_drop"}
[drift:ownership_ledger] {"classification": "agree", "fn_name": "std.log::_dv_json", "ledger_verdict": "must_not_drop", "local": "__match_binder_20__", "program_point": ["if_then", 3], "raw_state": "uninit", "site": "string_arc_return", "site_reason": "not_drop_needing", "site_verdict": "must_not_drop"}
[drift:ownership_ledger] {"classification": "agree", "fn_name": "std.log::_dv_json", "ledger_verdict": "must_not_drop", "local": "__match_binder_20__", "program_point": ["match_arm_01", 14], "raw_state": "uninit", "site": "string_arc_return", "site_reason": "not_drop_needing", "site_verdict": "must_not_drop"}
[drift:ownership_ledger] {"classification": "agree", "fn_name": "std.log::_dv_json", "ledger_verdict": "must_not_drop", "local": "__match_binder_20__", "program_point": ["match_arm_02", 14], "raw_state": "uninit", "site": "string_arc_return", "site_reason": "not_drop_needing", "site_verdict": "must_not_drop"}
[drift:ownership_ledger] {"classification": "agree", "fn_name": "std.log::_dv_json", "ledger_verdict": "must_not_drop", "local": "__match_binder_20__", "program_point": ["match_arm_03", 18], "raw_state": "uninit", "site": "string_arc_return", "site_reason": "not_drop_needing", "site_verdict": "must_not_drop"}
[drift:ownership_ledger] {"classification": "agree", "fn_name": "std.log::_dv_json", "ledger_verdict": "must_not_drop", "local": "__match_binder_20__", "program_point": ["match_arm_04", 8], "raw_state": "uninit", "site": "drop_before_overwrite", "site_reason": "not_drop_needing", "site_verdict": "must_not_drop"}
[drift:ownership_ledger] {"classification": "agree", "fn_name": "std.log::_dv_json", "ledger_verdict": "must_not_drop", "local": "__match_binder_20__", "program_point": ["match_join4", 3], "raw_state": "uninit", "site": "string_arc_return", "site_reason": "not_drop_needing", "site_verdict": "must_not_drop"}
[drift:ownership_ledger] {"classification": "agree", "fn_name": "std.log::Logger::with_min_level", "ledger_verdict": "must_not_drop", "local": "next", "program_point": ["match_arm_1", 13], "raw_state": "uninit", "site": "string_arc_return", "site_reason": "not_drop_needing", "site_verdict": "must_not_drop"}
[drift:ownership_ledger] {"classification": "agree", "fn_name": "std.log::LoggerBuilder::build", "ledger_verdict": "must_not_drop", "local": "next", "program_point": ["match_arm_11", 13], "raw_state": "uninit", "site": "string_arc_return", "site_reason": "not_drop_needing", "site_verdict": "must_not_drop"}
[drift:ownership_ledger] {"classification": "agree", "fn_name": "std.log::Logger::std.core.Destructible::destroy", "ledger_verdict": "must_not_drop", "local": "st", "program_point": ["if_then", 2], "raw_state": "uninit", "site": "string_arc_return", "site_reason": "not_drop_needing", "site_verdict": "must_not_drop"}
[drift:ownership_ledger] {"classification": "agree", "fn_name": "std.meta::_parse_tag", "ledger_verdict": "must_not_drop", "local": "__match_binder_3__", "program_point": ["if_then", 0], "raw_state": "uninit", "site": "string_arc_return", "site_reason": "not_drop_needing", "site_verdict": "must_not_drop"}
[drift:ownership_ledger] {"classification": "agree", "fn_name": "std.meta::_parse_tag", "ledger_verdict": "must_not_drop", "local": "__match_binder_4__", "program_point": ["if_then", 0], "raw_state": "uninit", "site": "string_arc_return", "site_reason": "not_drop_needing", "site_verdict": "must_not_drop"}
[drift:ownership_ledger] {"classification": "agree", "fn_name": "std.meta::_parse_tag", "ledger_verdict": "must_not_drop", "local": "__match_binder_3__", "program_point": ["loop_exit", 0], "raw_state": "uninit", "site": "string_arc_return", "site_reason": "not_drop_needing", "site_verdict": "must_not_drop"}
[drift:ownership_ledger] {"classification": "agree", "fn_name": "std.meta::_parse_tag", "ledger_verdict": "must_not_drop", "local": "__match_binder_4__", "program_point": ["loop_exit", 0], "raw_state": "uninit", "site": "string_arc_return", "site_reason": "not_drop_needing", "site_verdict": "must_not_drop"}
[drift:ownership_ledger] {"classification": "agree", "fn_name": "std.meta::_parse_tag", "ledger_verdict": "must_not_drop", "local": "__match_binder_3__", "program_point": ["match_join", 0], "raw_state": "moved_out", "site": "string_arc_return", "site_reason": "not_drop_needing", "site_verdict": "must_not_drop"}
[drift:ownership_ledger] {"classification": "agree", "fn_name": "std.meta::_parse_tag", "ledger_verdict": "must_not_drop", "local": "__match_binder_4__", "program_point": ["match_join", 0], "raw_state": "moved_out", "site": "string_arc_return", "site_reason": "not_drop_needing", "site_verdict": "must_not_drop"}
[drift:ownership_ledger] {"classification": "agree", "fn_name": "std.regex::compile", "ledger_verdict": "must_not_drop", "local": "__match_binder_2_e", "program_point": ["if_join", 9], "raw_state": "uninit", "site": "string_arc_return", "site_reason": "not_drop_needing", "site_verdict": "must_not_drop"}
[drift:ownership_ledger] {"classification": "agree", "fn_name": "std.regex::compile", "ledger_verdict": "must_not_drop", "local": "__match_binder_2_e", "program_point": ["if_then", 11], "raw_state": "uninit", "site": "string_arc_return", "site_reason": "not_drop_needing", "site_verdict": "must_not_drop"}
[drift:ownership_ledger] {"classification": "agree", "fn_name": "std.regex::compile", "ledger_verdict": "must_not_drop", "local": "nfa", "program_point": ["if_then", 11], "raw_state": "uninit", "site": "string_arc_return", "site_reason": "not_drop_needing", "site_verdict": "must_not_drop"}
[drift:ownership_ledger] {"classification": "agree", "fn_name": "std.regex::compile", "ledger_verdict": "must_not_drop", "local": "__match_binder_1_node", "program_point": ["match_arm_1", 13], "raw_state": "uninit", "site": "string_arc_return", "site_reason": "not_drop_needing", "site_verdict": "must_not_drop"}
[drift:ownership_ledger] {"classification": "agree", "fn_name": "std.regex::compile", "ledger_verdict": "must_not_drop", "local": "nfa", "program_point": ["match_arm_1", 13], "raw_state": "uninit", "site": "string_arc_return", "site_reason": "not_drop_needing", "site_verdict": "must_not_drop"}
[drift:ownership_ledger] {"classification": "agree", "fn_name": "std.regex::_parse_alternation", "ledger_verdict": "must_not_drop", "local": "__match_binder_3_e", "program_point": ["if_then", 2], "raw_state": "uninit", "site": "string_arc_return", "site_reason": "not_drop_needing", "site_verdict": "must_not_drop"}
[drift:ownership_ledger] {"classification": "agree", "fn_name": "std.regex::_parse_alternation", "ledger_verdict": "must_not_drop", "local": "__match_binder_5_e", "program_point": ["if_then", 2], "raw_state": "uninit", "site": "string_arc_return", "site_reason": "not_drop_needing", "site_verdict": "must_not_drop"}
[drift:ownership_ledger] {"classification": "agree", "fn_name": "std.regex::_parse_alternation", "ledger_verdict": "must_not_drop", "local": "__match_binder_6_branch", "program_point": ["if_then", 2], "raw_state": "uninit", "site": "string_arc_return", "site_reason": "not_drop_needing", "site_verdict": "must_not_drop"}
[drift:ownership_ledger] {"classification": "agree", "fn_name": "std.regex::_parse_alternation", "ledger_verdict": "must_not_drop", "local": "__match_binder_3_e", "program_point": ["loop_exit", 3], "raw_state": "uninit", "site": "string_arc_return", "site_reason": "not_drop_needing", "site_verdict": "must_not_drop"}
[drift:ownership_ledger] {"classification": "agree", "fn_name": "std.regex::_parse_alternation", "ledger_verdict": "must_not_drop", "local": "__match_binder_4_first", "program_point": ["loop_exit", 3], "raw_state": "moved_out", "site": "string_arc_return", "site_reason": "not_drop_needing", "site_verdict": "must_not_drop"}
[drift:ownership_ledger] {"classification": "agree", "fn_name": "std.regex::_parse_alternation", "ledger_verdict": "must_not_drop", "local": "__match_binder_5_e", "program_point": ["loop_exit", 3], "raw_state": "uninit", "site": "string_arc_return", "site_reason": "not_drop_needing", "site_verdict": "must_not_drop"}
[drift:ownership_ledger] {"classification": "agree", "fn_name": "std.regex::_parse_alternation", "ledger_verdict": "must_not_drop", "local": "__match_binder_6_branch", "program_point": ["loop_exit", 3], "raw_state": "moved_out", "site": "string_arc_return", "site_reason": "not_drop_needing", "site_verdict": "must_not_drop"}
[drift:ownership_ledger] {"classification": "agree", "fn_name": "std.regex::_parse_alternation", "ledger_verdict": "must_not_drop", "local": "__match_binder_4_first", "program_point": ["match_arm_0", 11], "raw_state": "uninit", "site": "string_arc_return", "site_reason": "not_drop_needing", "site_verdict": "must_not_drop"}
[drift:ownership_ledger] {"classification": "agree", "fn_name": "std.regex::_parse_alternation", "ledger_verdict": "must_not_drop", "local": "__match_binder_5_e", "program_point": ["match_arm_0", 11], "raw_state": "uninit", "site": "string_arc_return", "site_reason": "not_drop_needing", "site_verdict": "must_not_drop"}
[drift:ownership_ledger] {"classification": "agree", "fn_name": "std.regex::_parse_alternation", "ledger_verdict": "must_not_drop", "local": "__match_binder_6_branch", "program_point": ["match_arm_0", 11], "raw_state": "uninit", "site": "string_arc_return", "site_reason": "not_drop_needing", "site_verdict": "must_not_drop"}
[drift:ownership_ledger] {"classification": "agree", "fn_name": "std.regex::_parse_alternation", "ledger_verdict": "must_not_drop", "local": "__match_binder_3_e", "program_point": ["match_arm_01", 13], "raw_state": "uninit", "site": "string_arc_return", "site_reason": "not_drop_needing", "site_verdict": "must_not_drop"}
[drift:ownership_ledger] {"classification": "agree", "fn_name": "std.regex::_parse_alternation", "ledger_verdict": "must_not_drop", "local": "__match_binder_4_first", "program_point": ["match_arm_01", 13], "raw_state": "moved_out", "site": "string_arc_return", "site_reason": "not_drop_needing", "site_verdict": "must_not_drop"}
[drift:ownership_ledger] {"classification": "agree", "fn_name": "std.regex::_parse_alternation", "ledger_verdict": "must_not_drop", "local": "__match_binder_6_branch", "program_point": ["match_arm_01", 13], "raw_state": "moved_out", "site": "string_arc_return", "site_reason": "not_drop_needing", "site_verdict": "must_not_drop"}
[drift:ownership_ledger] {"classification": "agree", "fn_name": "std.regex::_parse_sequence", "ledger_verdict": "must_not_drop", "local": "__match_binder_7_e", "program_point": ["if_join2", 3], "raw_state": "uninit", "site": "string_arc_return", "site_reason": "not_drop_needing", "site_verdict": "must_not_drop"}
[drift:ownership_ledger] {"classification": "agree", "fn_name": "std.regex::_parse_sequence", "ledger_verdict": "must_not_drop", "local": "__match_binder_8_node", "program_point": ["if_join2", 3], "raw_state": "moved_out", "site": "string_arc_return", "site_reason": "not_drop_needing", "site_verdict": "must_not_drop"}
[drift:ownership_ledger] {"classification": "agree", "fn_name": "std.regex::_parse_sequence", "ledger_verdict": "must_not_drop", "local": "__match_binder_9_only", "program_point": ["if_join2", 3], "raw_state": "uninit", "site": "string_arc_return", "site_reason": "not_drop_needing", "site_verdict": "must_not_drop"}
[drift:ownership_ledger] {"classification": "agree", "fn_name": "std.regex::_parse_sequence", "ledger_verdict": "must_not_drop", "local": "__match_binder_8_node", "program_point": ["match_arm_0", 13], "raw_state": "moved_out", "site": "string_arc_return", "site_reason": "not_drop_needing", "site_verdict": "must_not_drop"}
[drift:ownership_ledger] {"classification": "agree", "fn_name": "std.regex::_parse_sequence", "ledger_verdict": "must_not_drop", "local": "__match_binder_9_only", "program_point": ["match_arm_0", 13], "raw_state": "uninit", "site": "string_arc_return", "site_reason": "not_drop_needing", "site_verdict": "must_not_drop"}
[drift:ownership_ledger] {"classification": "agree", "fn_name": "std.regex::_parse_sequence", "ledger_verdict": "must_not_drop", "local": "__match_binder_7_e", "program_point": ["match_arm_01", 13], "raw_state": "uninit", "site": "string_arc_return", "site_reason": "not_drop_needing", "site_verdict": "must_not_drop"}
[drift:ownership_ledger] {"classification": "agree", "fn_name": "std.regex::_parse_sequence", "ledger_verdict": "must_not_drop", "local": "__match_binder_8_node", "program_point": ["match_arm_01", 13], "raw_state": "moved_out", "site": "string_arc_return", "site_reason": "not_drop_needing", "site_verdict": "must_not_drop"}
[drift:ownership_ledger] {"classification": "agree", "fn_name": "std.regex::_parse_quantified", "ledger_verdict": "must_not_drop", "local": "__match_binder_10_e", "program_point": ["array_cap_join2", 11], "raw_state": "uninit", "site": "string_arc_return", "site_reason": "not_drop_needing", "site_verdict": "must_not_drop"}
[drift:ownership_ledger] {"classification": "agree", "fn_name": "std.regex::_parse_quantified", "ledger_verdict": "must_not_drop", "local": "__match_binder_11_atom", "program_point": ["array_cap_join2", 11], "raw_state": "moved_out", "site": "string_arc_return", "site_reason": "not_drop_needing", "site_verdict": "must_not_drop"}
[drift:ownership_ledger] {"classification": "agree", "fn_name": "std.regex::_parse_quantified", "ledger_verdict": "must_not_drop", "local": "__match_binder_10_e", "program_point": ["array_cap_join21", 11], "raw_state": "uninit", "site": "string_arc_return", "site_reason": "not_drop_needing", "site_verdict": "must_not_drop"}
[drift:ownership_ledger] {"classification": "agree", "fn_name": "std.regex::_parse_quantified", "ledger_verdict": "must_not_drop", "local": "__match_binder_11_atom", "program_point": ["array_cap_join21", 11], "raw_state": "moved_out", "site": "string_arc_return", "site_reason": "not_drop_needing", "site_verdict": "must_not_drop"}
[drift:ownership_ledger] {"classification": "agree", "fn_name": "std.regex::_parse_quantified", "ledger_verdict": "must_not_drop", "local": "__match_binder_10_e", "program_point": ["array_cap_join22", 11], "raw_state": "uninit", "site": "string_arc_return", "site_reason": "not_drop_needing", "site_verdict": "must_not_drop"}
[drift:ownership_ledger] {"classification": "agree", "fn_name": "std.regex::_parse_quantified", "ledger_verdict": "must_not_drop", "local": "__match_binder_11_atom", "program_point": ["array_cap_join22", 11], "raw_state": "moved_out", "site": "string_arc_return", "site_reason": "not_drop_needing", "site_verdict": "must_not_drop"}
[drift:ownership_ledger] {"classification": "agree", "fn_name": "std.regex::_parse_quantified", "ledger_verdict": "must_not_drop", "local": "__match_binder_10_e", "program_point": ["if_join3", 2], "raw_state": "uninit", "site": "string_arc_return", "site_reason": "not_drop_needing", "site_verdict": "must_not_drop"}
[drift:ownership_ledger] {"classification": "agree", "fn_name": "std.regex::_parse_quantified", "ledger_verdict": "must_not_drop", "local": "__match_binder_10_e", "program_point": ["if_then", 2], "raw_state": "uninit", "site": "string_arc_return", "site_reason": "not_drop_needing", "site_verdict": "must_not_drop"}
[drift:ownership_ledger] {"classification": "agree", "fn_name": "std.regex::_parse_quantified", "ledger_verdict": "must_not_drop", "local": "__match_binder_11_atom", "program_point": ["match_arm_0", 11], "raw_state": "uninit", "site": "string_arc_return", "site_reason": "not_drop_needing", "site_verdict": "must_not_drop"}
[drift:ownership_ledger] {"classification": "agree", "fn_name": "std.regex::_parse_atom", "ledger_verdict": "must_not_drop", "local": "__match_binder_12_e", "program_point": ["if_join4", 11], "raw_state": "uninit", "site": "string_arc_return", "site_reason": "not_drop_needing", "site_verdict": "must_not_drop"}
[drift:ownership_ledger] {"classification": "agree", "fn_name": "std.regex::_parse_atom", "ledger_verdict": "must_not_drop", "local": "__match_binder_12_e", "program_point": ["if_join8", 6], "raw_state": "uninit", "site": "string_arc_return", "site_reason": "not_drop_needing", "site_verdict": "must_not_drop"}
[drift:ownership_ledger] {"classification": "agree", "fn_name": "std.regex::_parse_atom", "ledger_verdict": "must_not_drop", "local": "__match_binder_13_inner", "program_point": ["if_join8", 6], "raw_state": "uninit", "site": "string_arc_return", "site_reason": "not_drop_needing", "site_verdict": "must_not_drop"}
[drift:ownership_ledger] {"classification": "agree", "fn_name": "std.regex::_parse_atom", "ledger_verdict": "must_not_drop", "local": "__match_binder_12_e", "program_point": ["if_then", 11], "raw_state": "uninit", "site": "string_arc_return", "site_reason": "not_drop_needing", "site_verdict": "must_not_drop"}
[drift:ownership_ledger] {"classification": "agree", "fn_name": "std.regex::_parse_atom", "ledger_verdict": "must_not_drop", "local": "__match_binder_13_inner", "program_point": ["if_then", 11], "raw_state": "uninit", "site": "string_arc_return", "site_reason": "not_drop_needing", "site_verdict": "must_not_drop"}
[drift:ownership_ledger] {"classification": "agree", "fn_name": "std.regex::_parse_atom", "ledger_verdict": "must_not_drop", "local": "__match_binder_12_e", "program_point": ["if_then1", 12], "raw_state": "uninit", "site": "string_arc_return", "site_reason": "not_drop_needing", "site_verdict": "must_not_drop"}
[drift:ownership_ledger] {"classification": "agree", "fn_name": "std.regex::_parse_atom", "ledger_verdict": "must_not_drop", "local": "__match_binder_13_inner", "program_point": ["if_then1", 12], "raw_state": "uninit", "site": "string_arc_return", "site_reason": "not_drop_needing", "site_verdict": "must_not_drop"}
[drift:ownership_ledger] {"classification": "agree", "fn_name": "std.regex::_parse_atom", "ledger_verdict": "must_not_drop", "local": "__match_binder_12_e", "program_point": ["if_then2", 12], "raw_state": "uninit", "site": "string_arc_return", "site_reason": "not_drop_needing", "site_verdict": "must_not_drop"}
[drift:ownership_ledger] {"classification": "agree", "fn_name": "std.regex::_parse_atom", "ledger_verdict": "must_not_drop", "local": "__match_binder_13_inner", "program_point": ["if_then2", 12], "raw_state": "uninit", "site": "string_arc_return", "site_reason": "not_drop_needing", "site_verdict": "must_not_drop"}
[drift:ownership_ledger] {"classification": "agree", "fn_name": "std.regex::_parse_atom", "ledger_verdict": "must_not_drop", "local": "__match_binder_12_e", "program_point": ["if_then4", 9], "raw_state": "uninit", "site": "string_arc_return", "site_reason": "not_drop_needing", "site_verdict": "must_not_drop"}
[drift:ownership_ledger] {"classification": "agree", "fn_name": "std.regex::_parse_atom", "ledger_verdict": "must_not_drop", "local": "__match_binder_12_e", "program_point": ["if_then5", 2], "raw_state": "uninit", "site": "string_arc_return", "site_reason": "not_drop_needing", "site_verdict": "must_not_drop"}
[drift:ownership_ledger] {"classification": "agree", "fn_name": "std.regex::_parse_atom", "ledger_verdict": "must_not_drop", "local": "__match_binder_13_inner", "program_point": ["if_then5", 2], "raw_state": "uninit", "site": "string_arc_return", "site_reason": "not_drop_needing", "site_verdict": "must_not_drop"}
[drift:ownership_ledger] {"classification": "agree", "fn_name": "std.regex::_parse_atom", "ledger_verdict": "must_not_drop", "local": "__match_binder_12_e", "program_point": ["if_then6", 2], "raw_state": "uninit", "site": "string_arc_return", "site_reason": "not_drop_needing", "site_verdict": "must_not_drop"}
[drift:ownership_ledger] {"classification": "agree", "fn_name": "std.regex::_parse_atom", "ledger_verdict": "must_not_drop", "local": "__match_binder_13_inner", "program_point": ["if_then6", 2], "raw_state": "uninit", "site": "string_arc_return", "site_reason": "not_drop_needing", "site_verdict": "must_not_drop"}
[drift:ownership_ledger] {"classification": "agree", "fn_name": "std.regex::_parse_atom", "ledger_verdict": "must_not_drop", "local": "__match_binder_12_e", "program_point": ["if_then7", 7], "raw_state": "uninit", "site": "string_arc_return", "site_reason": "not_drop_needing", "site_verdict": "must_not_drop"}
[drift:ownership_ledger] {"classification": "agree", "fn_name": "std.regex::_parse_atom", "ledger_verdict": "must_not_drop", "local": "__match_binder_13_inner", "program_point": ["if_then7", 7], "raw_state": "uninit", "site": "string_arc_return", "site_reason": "not_drop_needing", "site_verdict": "must_not_drop"}
[drift:ownership_ledger] {"classification": "agree", "fn_name": "std.regex::_parse_atom", "ledger_verdict": "must_not_drop", "local": "__match_binder_12_e", "program_point": ["if_then8", 7], "raw_state": "uninit", "site": "string_arc_return", "site_reason": "not_drop_needing", "site_verdict": "must_not_drop"}
[drift:ownership_ledger] {"classification": "agree", "fn_name": "std.regex::_parse_atom", "ledger_verdict": "must_not_drop", "local": "__match_binder_13_inner", "program_point": ["if_then8", 7], "raw_state": "uninit", "site": "string_arc_return", "site_reason": "not_drop_needing", "site_verdict": "must_not_drop"}
[drift:ownership_ledger] {"classification": "agree", "fn_name": "std.regex::_parse_atom", "ledger_verdict": "must_not_drop", "local": "__match_binder_13_inner", "program_point": ["match_arm_0", 11], "raw_state": "uninit", "site": "string_arc_return", "site_reason": "not_drop_needing", "site_verdict": "must_not_drop"}
[drift:ownership_ledger] {"classification": "agree", "fn_name": "std.regex::_parse_char_class", "ledger_verdict": "must_not_drop", "local": "__match_binder_14_e", "program_point": ["if_join10", 11], "raw_state": "uninit", "site": "string_arc_return", "site_reason": "not_drop_needing", "site_verdict": "must_not_drop"}
[drift:ownership_ledger] {"classification": "agree", "fn_name": "std.regex::_parse_char_class", "ledger_verdict": "must_not_drop", "local": "__match_binder_16_e", "program_point": ["if_join10", 11], "raw_state": "uninit", "site": "string_arc_return", "site_reason": "not_drop_needing", "site_verdict": "must_not_drop"}
[drift:ownership_ledger] {"classification": "agree", "fn_name": "std.regex::_parse_char_class", "ledger_verdict": "must_not_drop", "local": "__match_binder_18_e", "program_point": ["if_join10", 11], "raw_state": "uninit", "site": "string_arc_return", "site_reason": "not_drop_needing", "site_verdict": "must_not_drop"}
[drift:ownership_ledger] {"classification": "agree", "fn_name": "std.regex::_parse_char_class", "ledger_verdict": "must_not_drop", "local": "__match_binder_20_e", "program_point": ["if_join10", 11], "raw_state": "uninit", "site": "string_arc_return", "site_reason": "not_drop_needing", "site_verdict": "must_not_drop"}
[drift:ownership_ledger] {"classification": "agree", "fn_name": "std.regex::_parse_char_class", "ledger_verdict": "must_not_drop", "local": "__match_binder_22_e", "program_point": ["if_join10", 11], "raw_state": "uninit", "site": "string_arc_return", "site_reason": "not_drop_needing", "site_verdict": "must_not_drop"}
[drift:ownership_ledger] {"classification": "agree", "fn_name": "std.regex::_parse_char_class", "ledger_verdict": "must_not_drop", "local": "__match_binder_14_e", "program_point": ["if_join12", 5], "raw_state": "uninit", "site": "string_arc_return", "site_reason": "not_drop_needing", "site_verdict": "must_not_drop"}
[drift:ownership_ledger] {"classification": "agree", "fn_name": "std.regex::_parse_char_class", "ledger_verdict": "must_not_drop", "local": "__match_binder_16_e", "program_point": ["if_join12", 5], "raw_state": "uninit", "site": "string_arc_return", "site_reason": "not_drop_needing", "site_verdict": "must_not_drop"}
[drift:ownership_ledger] {"classification": "agree", "fn_name": "std.regex::_parse_char_class", "ledger_verdict": "must_not_drop", "local": "__match_binder_18_e", "program_point": ["if_join12", 5], "raw_state": "uninit", "site": "string_arc_return", "site_reason": "not_drop_needing", "site_verdict": "must_not_drop"}
[drift:ownership_ledger] {"classification": "agree", "fn_name": "std.regex::_parse_char_class", "ledger_verdict": "must_not_drop", "local": "__match_binder_20_e", "program_point": ["if_join12", 5], "raw_state": "uninit", "site": "string_arc_return", "site_reason": "not_drop_needing", "site_verdict": "must_not_drop"}
[drift:ownership_ledger] {"classification": "agree", "fn_name": "std.regex::_parse_char_class", "ledger_verdict": "must_not_drop", "local": "__match_binder_22_e", "program_point": ["if_join12", 5], "raw_state": "uninit", "site": "string_arc_return", "site_reason": "not_drop_needing", "site_verdict": "must_not_drop"}
[drift:ownership_ledger] {"classification": "agree", "fn_name": "std.regex::_parse_char_class", "ledger_verdict": "must_not_drop", "local": "__match_binder_14_e", "program_point": ["if_then11", 7], "raw_state": "uninit", "site": "string_arc_return", "site_reason": "not_drop_needing", "site_verdict": "must_not_drop"}
[drift:ownership_ledger] {"classification": "agree", "fn_name": "std.regex::_parse_char_class", "ledger_verdict": "must_not_drop", "local": "__match_binder_16_e", "program_point": ["if_then11", 7], "raw_state": "uninit", "site": "string_arc_return", "site_reason": "not_drop_needing", "site_verdict": "must_not_drop"}
[drift:ownership_ledger] {"classification": "agree", "fn_name": "std.regex::_parse_char_class", "ledger_verdict": "must_not_drop", "local": "__match_binder_18_e", "program_point": ["if_then11", 7], "raw_state": "uninit", "site": "string_arc_return", "site_reason": "not_drop_needing", "site_verdict": "must_not_drop"}
[drift:ownership_ledger] {"classification": "agree", "fn_name": "std.regex::_parse_char_class", "ledger_verdict": "must_not_drop", "local": "__match_binder_20_e", "program_point": ["if_then11", 7], "raw_state": "uninit", "site": "string_arc_return", "site_reason": "not_drop_needing", "site_verdict": "must_not_drop"}
[drift:ownership_ledger] {"classification": "agree", "fn_name": "std.regex::_parse_char_class", "ledger_verdict": "must_not_drop", "local": "__match_binder_22_e", "program_point": ["if_then11", 7], "raw_state": "uninit", "site": "string_arc_return", "site_reason": "not_drop_needing", "site_verdict": "must_not_drop"}
[drift:ownership_ledger] {"classification": "agree", "fn_name": "std.regex::_parse_char_class", "ledger_verdict": "must_not_drop", "local": "__match_binder_14_e", "program_point": ["if_then12", 7], "raw_state": "uninit", "site": "string_arc_return", "site_reason": "not_drop_needing", "site_verdict": "must_not_drop"}
[drift:ownership_ledger] {"classification": "agree", "fn_name": "std.regex::_parse_char_class", "ledger_verdict": "must_not_drop", "local": "__match_binder_16_e", "program_point": ["if_then12", 7], "raw_state": "uninit", "site": "string_arc_return", "site_reason": "not_drop_needing", "site_verdict": "must_not_drop"}
[drift:ownership_ledger] {"classification": "agree", "fn_name": "std.regex::_parse_char_class", "ledger_verdict": "must_not_drop", "local": "__match_binder_18_e", "program_point": ["if_then12", 7], "raw_state": "uninit", "site": "string_arc_return", "site_reason": "not_drop_needing", "site_verdict": "must_not_drop"}
[drift:ownership_ledger] {"classification": "agree", "fn_name": "std.regex::_parse_char_class", "ledger_verdict": "must_not_drop", "local": "__match_binder_20_e", "program_point": ["if_then12", 7], "raw_state": "uninit", "site": "string_arc_return", "site_reason": "not_drop_needing", "site_verdict": "must_not_drop"}
[drift:ownership_ledger] {"classification": "agree", "fn_name": "std.regex::_parse_char_class", "ledger_verdict": "must_not_drop", "local": "__match_binder_22_e", "program_point": ["if_then12", 7], "raw_state": "uninit", "site": "string_arc_return", "site_reason": "not_drop_needing", "site_verdict": "must_not_drop"}
[drift:ownership_ledger] {"classification": "agree", "fn_name": "std.regex::_parse_char_class", "ledger_verdict": "must_not_drop", "local": "__match_binder_14_e", "program_point": ["if_then3", 11], "raw_state": "uninit", "site": "string_arc_return", "site_reason": "not_drop_needing", "site_verdict": "must_not_drop"}
[drift:ownership_ledger] {"classification": "agree", "fn_name": "std.regex::_parse_char_class", "ledger_verdict": "must_not_drop", "local": "__match_binder_16_e", "program_point": ["if_then3", 11], "raw_state": "uninit", "site": "string_arc_return", "site_reason": "not_drop_needing", "site_verdict": "must_not_drop"}
[drift:ownership_ledger] {"classification": "agree", "fn_name": "std.regex::_parse_char_class", "ledger_verdict": "must_not_drop", "local": "__match_binder_18_e", "program_point": ["if_then3", 11], "raw_state": "uninit", "site": "string_arc_return", "site_reason": "not_drop_needing", "site_verdict": "must_not_drop"}
[drift:ownership_ledger] {"classification": "agree", "fn_name": "std.regex::_parse_char_class", "ledger_verdict": "must_not_drop", "local": "__match_binder_20_e", "program_point": ["if_then3", 11], "raw_state": "uninit", "site": "string_arc_return", "site_reason": "not_drop_needing", "site_verdict": "must_not_drop"}
[drift:ownership_ledger] {"classification": "agree", "fn_name": "std.regex::_parse_char_class", "ledger_verdict": "must_not_drop", "local": "__match_binder_22_e", "program_point": ["if_then3", 11], "raw_state": "uninit", "site": "string_arc_return", "site_reason": "not_drop_needing", "site_verdict": "must_not_drop"}
[drift:ownership_ledger] {"classification": "agree", "fn_name": "std.regex::_parse_char_class", "ledger_verdict": "must_not_drop", "local": "__match_binder_16_e", "program_point": ["match_arm_0", 13], "raw_state": "uninit", "site": "string_arc_return", "site_reason": "not_drop_needing", "site_verdict": "must_not_drop"}
[drift:ownership_ledger] {"classification": "agree", "fn_name": "std.regex::_parse_char_class", "ledger_verdict": "must_not_drop", "local": "__match_binder_18_e", "program_point": ["match_arm_0", 13], "raw_state": "uninit", "site": "string_arc_return", "site_reason": "not_drop_needing", "site_verdict": "must_not_drop"}
[drift:ownership_ledger] {"classification": "agree", "fn_name": "std.regex::_parse_char_class", "ledger_verdict": "must_not_drop", "local": "__match_binder_20_e", "program_point": ["match_arm_0", 13], "raw_state": "uninit", "site": "string_arc_return", "site_reason": "not_drop_needing", "site_verdict": "must_not_drop"}
[drift:ownership_ledger] {"classification": "agree", "fn_name": "std.regex::_parse_char_class", "ledger_verdict": "must_not_drop", "local": "__match_binder_22_e", "program_point": ["match_arm_0", 13], "raw_state": "uninit", "site": "string_arc_return", "site_reason": "not_drop_needing", "site_verdict": "must_not_drop"}
[drift:ownership_ledger] {"classification": "agree", "fn_name": "std.regex::_parse_char_class", "ledger_verdict": "must_not_drop", "local": "__match_binder_14_e", "program_point": ["match_arm_01", 13], "raw_state": "uninit", "site": "string_arc_return", "site_reason": "not_drop_needing", "site_verdict": "must_not_drop"}
[drift:ownership_ledger] {"classification": "agree", "fn_name": "std.regex::_parse_char_class", "ledger_verdict": "must_not_drop", "local": "__match_binder_18_e", "program_point": ["match_arm_01", 13], "raw_state": "uninit", "site": "string_arc_return", "site_reason": "not_drop_needing", "site_verdict": "must_not_drop"}
[drift:ownership_ledger] {"classification": "agree", "fn_name": "std.regex::_parse_char_class", "ledger_verdict": "must_not_drop", "local": "__match_binder_20_e", "program_point": ["match_arm_01", 13], "raw_state": "uninit", "site": "string_arc_return", "site_reason": "not_drop_needing", "site_verdict": "must_not_drop"}
[drift:ownership_ledger] {"classification": "agree", "fn_name": "std.regex::_parse_char_class", "ledger_verdict": "must_not_drop", "local": "__match_binder_22_e", "program_point": ["match_arm_01", 13], "raw_state": "uninit", "site": "string_arc_return", "site_reason": "not_drop_needing", "site_verdict": "must_not_drop"}
[drift:ownership_ledger] {"classification": "agree", "fn_name": "std.regex::_parse_char_class", "ledger_verdict": "must_not_drop", "local": "__match_binder_14_e", "program_point": ["match_arm_02", 13], "raw_state": "uninit", "site": "string_arc_return", "site_reason": "not_drop_needing", "site_verdict": "must_not_drop"}
[drift:ownership_ledger] {"classification": "agree", "fn_name": "std.regex::_parse_char_class", "ledger_verdict": "must_not_drop", "local": "__match_binder_16_e", "program_point": ["match_arm_02", 13], "raw_state": "uninit", "site": "string_arc_return", "site_reason": "not_drop_needing", "site_verdict": "must_not_drop"}
[drift:ownership_ledger] {"classification": "agree", "fn_name": "std.regex::_parse_char_class", "ledger_verdict": "must_not_drop", "local": "__match_binder_20_e", "program_point": ["match_arm_02", 13], "raw_state": "uninit", "site": "string_arc_return", "site_reason": "not_drop_needing", "site_verdict": "must_not_drop"}
[drift:ownership_ledger] {"classification": "agree", "fn_name": "std.regex::_parse_char_class", "ledger_verdict": "must_not_drop", "local": "__match_binder_22_e", "program_point": ["match_arm_02", 13], "raw_state": "uninit", "site": "string_arc_return", "site_reason": "not_drop_needing", "site_verdict": "must_not_drop"}
[drift:ownership_ledger] {"classification": "agree", "fn_name": "std.regex::_parse_char_class", "ledger_verdict": "must_not_drop", "local": "__match_binder_14_e", "program_point": ["match_arm_03", 13], "raw_state": "uninit", "site": "string_arc_return", "site_reason": "not_drop_needing", "site_verdict": "must_not_drop"}
[drift:ownership_ledger] {"classification": "agree", "fn_name": "std.regex::_parse_char_class", "ledger_verdict": "must_not_drop", "local": "__match_binder_16_e", "program_point": ["match_arm_03", 13], "raw_state": "uninit", "site": "string_arc_return", "site_reason": "not_drop_needing", "site_verdict": "must_not_drop"}
[drift:ownership_ledger] {"classification": "agree", "fn_name": "std.regex::_parse_char_class", "ledger_verdict": "must_not_drop", "local": "__match_binder_18_e", "program_point": ["match_arm_03", 13], "raw_state": "uninit", "site": "string_arc_return", "site_reason": "not_drop_needing", "site_verdict": "must_not_drop"}
[drift:ownership_ledger] {"classification": "agree", "fn_name": "std.regex::_parse_char_class", "ledger_verdict": "must_not_drop", "local": "__match_binder_22_e", "program_point": ["match_arm_03", 13], "raw_state": "uninit", "site": "string_arc_return", "site_reason": "not_drop_needing", "site_verdict": "must_not_drop"}
[drift:ownership_ledger] {"classification": "agree", "fn_name": "std.regex::_parse_char_class", "ledger_verdict": "must_not_drop", "local": "__match_binder_14_e", "program_point": ["match_arm_04", 13], "raw_state": "uninit", "site": "string_arc_return", "site_reason": "not_drop_needing", "site_verdict": "must_not_drop"}
[drift:ownership_ledger] {"classification": "agree", "fn_name": "std.regex::_parse_char_class", "ledger_verdict": "must_not_drop", "local": "__match_binder_16_e", "program_point": ["match_arm_04", 13], "raw_state": "uninit", "site": "string_arc_return", "site_reason": "not_drop_needing", "site_verdict": "must_not_drop"}
[drift:ownership_ledger] {"classification": "agree", "fn_name": "std.regex::_parse_char_class", "ledger_verdict": "must_not_drop", "local": "__match_binder_18_e", "program_point": ["match_arm_04", 13], "raw_state": "uninit", "site": "string_arc_return", "site_reason": "not_drop_needing", "site_verdict": "must_not_drop"}
[drift:ownership_ledger] {"classification": "agree", "fn_name": "std.regex::_parse_char_class", "ledger_verdict": "must_not_drop", "local": "__match_binder_20_e", "program_point": ["match_arm_04", 13], "raw_state": "uninit", "site": "string_arc_return", "site_reason": "not_drop_needing", "site_verdict": "must_not_drop"}
[drift:ownership_ledger] {"classification": "agree", "fn_name": "std.regex::_substr", "ledger_verdict": "must_not_drop", "local": "b", "program_point": ["if_join", 2], "raw_state": "uninit", "site": "drop_before_overwrite", "site_reason": "not_drop_needing", "site_verdict": "must_not_drop"}
[drift:ownership_ledger] {"classification": "agree", "fn_name": "std.regex::_substr", "ledger_verdict": "must_not_drop", "local": "b", "program_point": ["if_then", 1], "raw_state": "uninit", "site": "string_arc_return", "site_reason": "not_drop_needing", "site_verdict": "must_not_drop"}
[drift:ownership_ledger] {"classification": "agree", "fn_name": "std.text::utf8_from_bytes_range", "ledger_verdict": "must_not_drop", "local": "b", "program_point": ["if_join", 2], "raw_state": "uninit", "site": "drop_before_overwrite", "site_reason": "not_drop_needing", "site_verdict": "must_not_drop"}
[drift:ownership_ledger] {"classification": "agree", "fn_name": "std.text::utf8_from_bytes_range", "ledger_verdict": "must_not_drop", "local": "__match_binder_1_e", "program_point": ["if_then", 2], "raw_state": "uninit", "site": "string_arc_return", "site_reason": "not_drop_needing", "site_verdict": "must_not_drop"}
[drift:ownership_ledger] {"classification": "agree", "fn_name": "std.text::utf8_from_bytes_range", "ledger_verdict": "must_not_drop", "local": "b", "program_point": ["if_then", 2], "raw_state": "uninit", "site": "string_arc_return", "site_reason": "not_drop_needing", "site_verdict": "must_not_drop"}
[drift:ownership_ledger] {"classification": "agree", "fn_name": "std.text::utf8_from_bytes_range", "ledger_verdict": "must_not_drop", "local": "__match_binder_1_e", "program_point": ["loop_exit", 8], "raw_state": "uninit", "site": "string_arc_return", "site_reason": "not_drop_needing", "site_verdict": "must_not_drop"}
[drift:ownership_ledger] {"classification": "agree", "fn_name": "std.text::utf8_from_bytes_range", "ledger_verdict": "must_not_drop", "local": "b", "program_point": ["match_arm_0", 11], "raw_state": "uninit", "site": "string_arc_return", "site_reason": "not_drop_needing", "site_verdict": "must_not_drop"}
[drift:ownership_ledger] {"classification": "agree", "fn_name": "std.text::substring", "ledger_verdict": "must_not_drop", "local": "b", "program_point": ["if_join1", 2], "raw_state": "uninit", "site": "drop_before_overwrite", "site_reason": "not_drop_needing", "site_verdict": "must_not_drop"}
[drift:ownership_ledger] {"classification": "agree", "fn_name": "std.text::substring", "ledger_verdict": "must_not_drop", "local": "b", "program_point": ["if_then", 4], "raw_state": "uninit", "site": "string_arc_return", "site_reason": "not_drop_needing", "site_verdict": "must_not_drop"}
[drift:ownership_ledger] {"classification": "agree", "fn_name": "std.text::substring", "ledger_verdict": "must_not_drop", "local": "b", "program_point": ["if_then1", 2], "raw_state": "uninit", "site": "string_arc_return", "site_reason": "not_drop_needing", "site_verdict": "must_not_drop"}
[drift:ownership_ledger] {"classification": "agree", "fn_name": "std.text::lower", "ledger_verdict": "must_not_drop", "local": "buf", "program_point": ["if_join", 2], "raw_state": "uninit", "site": "drop_before_overwrite", "site_reason": "not_drop_needing", "site_verdict": "must_not_drop"}
[drift:ownership_ledger] {"classification": "agree", "fn_name": "std.text::lower", "ledger_verdict": "must_not_drop", "local": "buf", "program_point": ["if_then", 1], "raw_state": "uninit", "site": "string_arc_return", "site_reason": "not_drop_needing", "site_verdict": "must_not_drop"}
[drift:ownership_ledger] {"classification": "agree", "fn_name": "std.text::upper", "ledger_verdict": "must_not_drop", "local": "buf", "program_point": ["if_join", 2], "raw_state": "uninit", "site": "drop_before_overwrite", "site_reason": "not_drop_needing", "site_verdict": "must_not_drop"}
[drift:ownership_ledger] {"classification": "agree", "fn_name": "std.text::upper", "ledger_verdict": "must_not_drop", "local": "buf", "program_point": ["if_then", 1], "raw_state": "uninit", "site": "string_arc_return", "site_reason": "not_drop_needing", "site_verdict": "must_not_drop"}
[drift:ownership_ledger] {"classification": "agree", "fn_name": "std.text::trim", "ledger_verdict": "must_not_drop", "local": "buf", "program_point": ["if_join3", 2], "raw_state": "uninit", "site": "drop_before_overwrite", "site_reason": "not_drop_needing", "site_verdict": "must_not_drop"}
[drift:ownership_ledger] {"classification": "agree", "fn_name": "std.text::trim", "ledger_verdict": "must_not_drop", "local": "buf", "program_point": ["if_then2", 1], "raw_state": "uninit", "site": "string_arc_return", "site_reason": "not_drop_needing", "site_verdict": "must_not_drop"}
[drift:ownership_ledger] {"classification": "agree", "fn_name": "std.text::trim", "ledger_verdict": "must_not_drop", "local": "buf", "program_point": ["if_then3", 3], "raw_state": "uninit", "site": "string_arc_return", "site_reason": "not_drop_needing", "site_verdict": "must_not_drop"}
[drift:ownership_ledger] {"classification": "agree", "fn_name": "std.text::trim_start", "ledger_verdict": "must_not_drop", "local": "buf", "program_point": ["if_join2", 2], "raw_state": "uninit", "site": "drop_before_overwrite", "site_reason": "not_drop_needing", "site_verdict": "must_not_drop"}
[drift:ownership_ledger] {"classification": "agree", "fn_name": "std.text::trim_start", "ledger_verdict": "must_not_drop", "local": "buf", "program_point": ["if_then1", 1], "raw_state": "uninit", "site": "string_arc_return", "site_reason": "not_drop_needing", "site_verdict": "must_not_drop"}
[drift:ownership_ledger] {"classification": "agree", "fn_name": "std.text::trim_start", "ledger_verdict": "must_not_drop", "local": "buf", "program_point": ["if_then2", 3], "raw_state": "uninit", "site": "string_arc_return", "site_reason": "not_drop_needing", "site_verdict": "must_not_drop"}
[drift:ownership_ledger] {"classification": "agree", "fn_name": "std.text::trim_end", "ledger_verdict": "must_not_drop", "local": "buf", "program_point": ["if_join2", 2], "raw_state": "uninit", "site": "drop_before_overwrite", "site_reason": "not_drop_needing", "site_verdict": "must_not_drop"}
[drift:ownership_ledger] {"classification": "agree", "fn_name": "std.text::trim_end", "ledger_verdict": "must_not_drop", "local": "buf", "program_point": ["if_then1", 1], "raw_state": "uninit", "site": "string_arc_return", "site_reason": "not_drop_needing", "site_verdict": "must_not_drop"}
[drift:ownership_ledger] {"classification": "agree", "fn_name": "std.text::trim_end", "ledger_verdict": "must_not_drop", "local": "buf", "program_point": ["if_then2", 3], "raw_state": "uninit", "site": "string_arc_return", "site_reason": "not_drop_needing", "site_verdict": "must_not_drop"}
[drift:ownership_ledger] {"classification": "agree", "fn_name": "std.text::strip", "ledger_verdict": "must_not_drop", "local": "buf", "program_point": ["if_join4", 2], "raw_state": "uninit", "site": "drop_before_overwrite", "site_reason": "not_drop_needing", "site_verdict": "must_not_drop"}
[drift:ownership_ledger] {"classification": "agree", "fn_name": "std.text::strip", "ledger_verdict": "must_not_drop", "local": "buf", "program_point": ["if_then", 3], "raw_state": "uninit", "site": "string_arc_return", "site_reason": "not_drop_needing", "site_verdict": "must_not_drop"}
[drift:ownership_ledger] {"classification": "agree", "fn_name": "std.text::strip", "ledger_verdict": "must_not_drop", "local": "buf", "program_point": ["if_then3", 1], "raw_state": "uninit", "site": "string_arc_return", "site_reason": "not_drop_needing", "site_verdict": "must_not_drop"}
[drift:ownership_ledger] {"classification": "agree", "fn_name": "std.text::strip", "ledger_verdict": "must_not_drop", "local": "buf", "program_point": ["if_then4", 3], "raw_state": "uninit", "site": "string_arc_return", "site_reason": "not_drop_needing", "site_verdict": "must_not_drop"}
[drift:ownership_ledger] {"classification": "agree", "fn_name": "std.text::char_at", "ledger_verdict": "must_not_drop", "local": "buf", "program_point": ["if_join", 2], "raw_state": "uninit", "site": "drop_before_overwrite", "site_reason": "not_drop_needing", "site_verdict": "must_not_drop"}
[drift:ownership_ledger] {"classification": "agree", "fn_name": "std.text::char_at", "ledger_verdict": "must_not_drop", "local": "buf", "program_point": ["if_then", 4], "raw_state": "uninit", "site": "string_arc_return", "site_reason": "not_drop_needing", "site_verdict": "must_not_drop"}
[drift:ownership_ledger] {"classification": "agree", "fn_name": "std.text::split", "ledger_verdict": "must_not_drop", "local": "buf", "program_point": ["if_then1", 2], "raw_state": "moved_out", "site": "drop_before_overwrite", "site_reason": "not_drop_needing", "site_verdict": "must_not_drop"}
[drift:ownership_ledger] {"classification": "agree", "fn_name": "std.text::split", "ledger_verdict": "must_not_drop", "local": "buf", "program_point": ["if_then3", 8], "raw_state": "uninit", "site": "string_arc_return", "site_reason": "not_drop_needing", "site_verdict": "must_not_drop"}
[drift:ownership_ledger] {"classification": "agree", "fn_name": "std.text::split", "ledger_verdict": "must_not_drop", "local": "buf", "program_point": ["loop_exit", 1], "raw_state": "moved_out", "site": "string_arc_return", "site_reason": "not_drop_needing", "site_verdict": "must_not_drop"}
[drift:ownership_ledger] {"classification": "agree", "fn_name": "std.text::split", "ledger_verdict": "must_not_drop", "local": "buf", "program_point": ["loop_exit1", 1], "raw_state": "uninit", "site": "string_arc_return", "site_reason": "not_drop_needing", "site_verdict": "must_not_drop"}
[drift:ownership_ledger] {"classification": "agree", "fn_name": "std.text::_push_slice", "ledger_verdict": "must_not_drop", "local": "buf", "program_point": ["array_cap_join2", 7], "raw_state": "uninit", "site": "string_arc_return", "site_reason": "not_drop_needing", "site_verdict": "must_not_drop"}
[drift:ownership_ledger] {"classification": "agree", "fn_name": "std.text::_push_slice", "ledger_verdict": "must_not_drop", "local": "buf", "program_point": ["if_join", 2], "raw_state": "uninit", "site": "drop_before_overwrite", "site_reason": "not_drop_needing", "site_verdict": "must_not_drop"}
[drift:ownership_ledger] {"classification": "agree", "fn_name": "std.text::replace", "ledger_verdict": "must_not_drop", "local": "sb", "program_point": ["if_join", 5], "raw_state": "uninit", "site": "drop_before_overwrite", "site_reason": "not_drop_needing", "site_verdict": "must_not_drop"}
[drift:ownership_ledger] {"classification": "agree", "fn_name": "std.text::replace", "ledger_verdict": "must_not_drop", "local": "sb", "program_point": ["if_then", 3], "raw_state": "uninit", "site": "string_arc_return", "site_reason": "not_drop_needing", "site_verdict": "must_not_drop"}
[drift:ownership_ledger] {"classification": "agree", "fn_name": "std.text::replace_first", "ledger_verdict": "must_not_drop", "local": "sb", "program_point": ["if_join1", 2], "raw_state": "uninit", "site": "drop_before_overwrite", "site_reason": "not_drop_needing", "site_verdict": "must_not_drop"}
[drift:ownership_ledger] {"classification": "agree", "fn_name": "std.text::replace_first", "ledger_verdict": "must_not_drop", "local": "sb", "program_point": ["if_then", 3], "raw_state": "uninit", "site": "string_arc_return", "site_reason": "not_drop_needing", "site_verdict": "must_not_drop"}
[drift:ownership_ledger] {"classification": "agree", "fn_name": "std.text::replace_first", "ledger_verdict": "must_not_drop", "local": "sb", "program_point": ["if_then1", 3], "raw_state": "uninit", "site": "string_arc_return", "site_reason": "not_drop_needing", "site_verdict": "must_not_drop"}
[drift:ownership_ledger] {"classification": "agree", "fn_name": "std.text::repeat", "ledger_verdict": "must_not_drop", "local": "buf", "program_point": ["if_join1", 6], "raw_state": "uninit", "site": "drop_before_overwrite", "site_reason": "not_drop_needing", "site_verdict": "must_not_drop"}
[drift:ownership_ledger] {"classification": "agree", "fn_name": "std.text::repeat", "ledger_verdict": "must_not_drop", "local": "buf", "program_point": ["if_then", 1], "raw_state": "uninit", "site": "string_arc_return", "site_reason": "not_drop_needing", "site_verdict": "must_not_drop"}
[drift:ownership_ledger] {"classification": "agree", "fn_name": "std.text::repeat", "ledger_verdict": "must_not_drop", "local": "buf", "program_point": ["if_then1", 1], "raw_state": "uninit", "site": "string_arc_return", "site_reason": "not_drop_needing", "site_verdict": "must_not_drop"}
[drift:ownership_ledger] {"classification": "agree", "fn_name": "std.text::reverse", "ledger_verdict": "must_not_drop", "local": "buf", "program_point": ["if_join", 2], "raw_state": "uninit", "site": "drop_before_overwrite", "site_reason": "not_drop_needing", "site_verdict": "must_not_drop"}
[drift:ownership_ledger] {"classification": "agree", "fn_name": "std.text::reverse", "ledger_verdict": "must_not_drop", "local": "buf", "program_point": ["if_then", 3], "raw_state": "uninit", "site": "string_arc_return", "site_reason": "not_drop_needing", "site_verdict": "must_not_drop"}
[drift:ownership_ledger] {"classification": "agree", "fn_name": "std.text::pad_start", "ledger_verdict": "must_not_drop", "local": "buf", "program_point": ["if_join", 6], "raw_state": "uninit", "site": "drop_before_overwrite", "site_reason": "not_drop_needing", "site_verdict": "must_not_drop"}
[drift:ownership_ledger] {"classification": "agree", "fn_name": "std.text::pad_start", "ledger_verdict": "must_not_drop", "local": "buf", "program_point": ["if_then", 3], "raw_state": "uninit", "site": "string_arc_return", "site_reason": "not_drop_needing", "site_verdict": "must_not_drop"}
[drift:ownership_ledger] {"classification": "agree", "fn_name": "std.text::pad_end", "ledger_verdict": "must_not_drop", "local": "buf", "program_point": ["if_join", 2], "raw_state": "uninit", "site": "drop_before_overwrite", "site_reason": "not_drop_needing", "site_verdict": "must_not_drop"}
[drift:ownership_ledger] {"classification": "agree", "fn_name": "std.text::pad_end", "ledger_verdict": "must_not_drop", "local": "buf", "program_point": ["if_then", 3], "raw_state": "uninit", "site": "string_arc_return", "site_reason": "not_drop_needing", "site_verdict": "must_not_drop"}
[drift:ownership_ledger] {"classification": "agree", "fn_name": "std.text::join", "ledger_verdict": "must_not_drop", "local": "sb", "program_point": ["idx_join", 2], "raw_state": "uninit", "site": "string_arc_return", "site_reason": "not_drop_needing", "site_verdict": "must_not_drop"}
[drift:ownership_ledger] {"classification": "agree", "fn_name": "std.text::join", "ledger_verdict": "must_not_drop", "local": "sb", "program_point": ["if_join1", 2], "raw_state": "uninit", "site": "drop_before_overwrite", "site_reason": "not_drop_needing", "site_verdict": "must_not_drop"}
[drift:ownership_ledger] {"classification": "agree", "fn_name": "std.text::join", "ledger_verdict": "must_not_drop", "local": "sb", "program_point": ["if_then", 1], "raw_state": "uninit", "site": "string_arc_return", "site_reason": "not_drop_needing", "site_verdict": "must_not_drop"}
[drift:ownership_ledger] {"classification": "agree", "fn_name": "std.containers::HashMapCore<K, V, B>::insert__inst__0fca5ff987c31bd3", "ledger_verdict": "must_not_drop", "local": "old", "program_point": ["if_join1", 25], "raw_state": "uninit", "site": "string_arc_return", "site_reason": "not_drop_needing", "site_verdict": "must_not_drop"}
[drift:ownership_ledger] {"classification": "agree", "fn_name": "std.containers::HashMapCore<K, V, B>::insert__inst__0fca5ff987c31bd3", "ledger_verdict": "must_not_drop", "local": "old", "program_point": ["if_then", 5], "raw_state": "uninit", "site": "string_arc_return", "site_reason": "not_drop_needing", "site_verdict": "must_not_drop"}
[drift:ownership_ledger] {"classification": "agree", "fn_name": "std.containers::HashMapCore<K, V, B>::insert__inst__0fca5ff987c31bd3", "ledger_verdict": "must_not_drop", "local": "old", "program_point": ["if_then1", 5], "raw_state": "uninit", "site": "drop_before_overwrite", "site_reason": "not_drop_needing", "site_verdict": "must_not_drop"}
[drift:ownership_ledger] {"classification": "agree", "fn_name": "std.concurrent::arc__inst__737b4ce3c4c08500", "ledger_verdict": "must_not_drop", "local": "box", "program_point": ["entry", 14], "raw_state": "uninit", "site": "drop_before_overwrite", "site_reason": "not_drop_needing", "site_verdict": "must_not_drop"}
[drift:ownership_ledger] {"classification": "agree", "fn_name": "std.containers::HashMapCore<K, V, B>::insert__inst__2a88af21a4dc7ca3", "ledger_verdict": "must_not_drop", "local": "old", "program_point": ["if_join1", 25], "raw_state": "uninit", "site": "string_arc_return", "site_reason": "not_drop_needing", "site_verdict": "must_not_drop"}
[drift:ownership_ledger] {"classification": "agree", "fn_name": "std.containers::HashMapCore<K, V, B>::insert__inst__2a88af21a4dc7ca3", "ledger_verdict": "must_not_drop", "local": "old", "program_point": ["if_then", 5], "raw_state": "uninit", "site": "string_arc_return", "site_reason": "not_drop_needing", "site_verdict": "must_not_drop"}
[drift:ownership_ledger] {"classification": "agree", "fn_name": "std.containers::HashMapCore<K, V, B>::insert__inst__2a88af21a4dc7ca3", "ledger_verdict": "must_not_drop", "local": "old", "program_point": ["if_then1", 5], "raw_state": "uninit", "site": "drop_before_overwrite", "site_reason": "not_drop_needing", "site_verdict": "must_not_drop"}
[drift:ownership_ledger] {"classification": "agree", "fn_name": "std.containers::HashMapCore<K, V, B>::ensure_capacity__inst__2817b8571255cf47", "ledger_verdict": "must_not_drop", "local": "v", "program_point": ["if_join6", 10], "raw_state": "moved_out", "site": "string_arc_return", "site_reason": "not_drop_needing", "site_verdict": "must_not_drop"}
[drift:ownership_ledger] {"classification": "agree", "fn_name": "std.containers::HashMapCore<K, V, B>::ensure_capacity__inst__2817b8571255cf47", "ledger_verdict": "must_not_drop", "local": "v", "program_point": ["if_then3", 1], "raw_state": "uninit", "site": "string_arc_return", "site_reason": "not_drop_needing", "site_verdict": "must_not_drop"}
[drift:ownership_ledger] {"classification": "agree", "fn_name": "std.containers::HashMapCore<K, V, B>::ensure_capacity__inst__2817b8571255cf47", "ledger_verdict": "must_not_drop", "local": "v", "program_point": ["if_then8", 7], "raw_state": "moved_out", "site": "drop_before_overwrite", "site_reason": "not_drop_needing", "site_verdict": "must_not_drop"}
[drift:ownership_ledger] {"classification": "agree", "fn_name": "std.containers::HashMapCore<K, V, B>::replace_value__inst__96aa3062c51bb884", "ledger_verdict": "must_not_drop", "local": "old", "program_point": ["entry", 4], "raw_state": "uninit", "site": "drop_before_overwrite", "site_reason": "not_drop_needing", "site_verdict": "must_not_drop"}
[drift:ownership_ledger] {"classification": "agree", "fn_name": "std.concurrent::_arc_drop_thunk_for__inst__ac0546f3a09cf76d", "ledger_verdict": "must_not_drop", "local": "inner", "program_point": ["entry", 8], "raw_state": "uninit", "site": "drop_before_overwrite", "site_reason": "not_drop_needing", "site_verdict": "must_not_drop"}
[drift:ownership_ledger] {"classification": "agree", "fn_name": "std.containers::HashMapCore<K, V, B>::ensure_capacity__inst__cbbb367e148d7056", "ledger_verdict": "must_not_drop", "local": "v", "program_point": ["if_join6", 10], "raw_state": "moved_out", "site": "string_arc_return", "site_reason": "not_drop_needing", "site_verdict": "must_not_drop"}
[drift:ownership_ledger] {"classification": "agree", "fn_name": "std.containers::HashMapCore<K, V, B>::ensure_capacity__inst__cbbb367e148d7056", "ledger_verdict": "must_not_drop", "local": "v", "program_point": ["if_then3", 1], "raw_state": "uninit", "site": "string_arc_return", "site_reason": "not_drop_needing", "site_verdict": "must_not_drop"}
[drift:ownership_ledger] {"classification": "agree", "fn_name": "std.containers::HashMapCore<K, V, B>::ensure_capacity__inst__cbbb367e148d7056", "ledger_verdict": "must_not_drop", "local": "v", "program_point": ["if_then8", 7], "raw_state": "moved_out", "site": "drop_before_overwrite", "site_reason": "not_drop_needing", "site_verdict": "must_not_drop"}
[drift:ownership_ledger] {"classification": "agree", "fn_name": "std.containers::HashMapCore<K, V, B>::replace_value__inst__170ef1a90d9a0b3a", "ledger_verdict": "must_not_drop", "local": "old", "program_point": ["entry", 4], "raw_state": "uninit", "site": "drop_before_overwrite", "site_reason": "not_drop_needing", "site_verdict": "must_not_drop"}
